etat,bucket,file,dur,start,end,src
CORTEX,FRAGMENTS,C001_v2_cortex.wav,16.454,0.0,16.454,opacité fin V2  Cortex.wav
CORTEX,ECART,C002_v2_cortex.wav,1.996,36.134,38.129,opacité fin V2  Cortex.wav
CORTEX,ECART,C003_v2_cortex.wav,5.276,40.044,45.32,opacité fin V2  Cortex.wav
CORTEX,ECART,C004_v2_cortex.wav,0.996,61.086,62.082,opacité fin V2  Cortex.wav
CORTEX,ECART,C005_v2_cortex.wav,0.965,82.502,83.467,opacité fin V2  Cortex.wav
CORTEX,ECART,C006_v2_cortex.wav,11.39,124.839,136.229,opacité fin V2  Cortex.wav
CORTEX,ECART,C007_v2_cortex.wav,0.684,137.636,138.321,opacité fin V2  Cortex.wav
CORTEX,ECART,C008_v2_cortex.wav,5.264,140.602,145.866,opacité fin V2  Cortex.wav
CORTEX,ECART,C009_v2_cortex.wav,1.799,147.783,149.582,opacité fin V2  Cortex.wav
CORTEX,ECART,C010_v2_cortex.wav,2.808,156.316,159.124,opacité fin V2  Cortex.wav
CORTEX,FRAGMENTS,C011_v2_cortex.wav,14.536,161.079,175.615,opacité fin V2  Cortex.wav
CORTEX,ECART,C012_v2_cortex.wav,2.454,176.719,179.173,opacité fin V2  Cortex.wav
CORTEX,ECART,C013_v2_cortex.wav,10.03,183.987,194.016,opacité fin V2  Cortex.wav
CORTEX,ECART,C014_v2_cortex.wav,8.524,196.158,204.682,opacité fin V2  Cortex.wav
CORTEX,FRAGMENTS,C015_v2_cortex.wav,17.465,208.247,225.712,opacité fin V2  Cortex.wav
CORTEX,ECART,C016_v2_cortex.wav,10.345,229.991,240.336,opacité fin V2  Cortex.wav
CORTEX,ECART,C017_v2_cortex.wav,6.956,242.001,248.957,opacité fin V2  Cortex.wav
CORTEX,ECART,C018_v2_cortex.wav,8.027,249.981,258.008,opacité fin V2  Cortex.wav
CORTEX,ECART,C019_v2_cortex.wav,8.073,259.985,268.058,opacité fin V2  Cortex.wav
CORTEX,FRAGMENTS,C020_v2_cortex.wav,21.897,269.983,291.881,opacité fin V2  Cortex.wav
CORTEX,ECART,C021_v2_cortex.wav,11.967,295.981,307.948,opacité fin V2  Cortex.wav
CORTEX,FRAGMENTS,C022_v2_cortex.wav,23.289,316.004,339.293,opacité fin V2  Cortex.wav
CORTEX,FRAGMENTS,C023_v2_cortex.wav,23.874,344.06,367.934,opacité fin V2  Cortex.wav
CORTEX,FRAGMENTS,C024_v2_cortex.wav,21.779,372.141,393.92,opacité fin V2  Cortex.wav
CORTEX,ECART,C025_v2_cortex.wav,8.887,394.982,403.869,opacité fin V2  Cortex.wav
CORTEX,ECART,C026_v2_cortex.wav,8.906,416.017,424.923,opacité fin V2  Cortex.wav
CORTEX,ECART,C027_v2_cortex.wav,8.79,451.981,460.77,opacité fin V2  Cortex.wav
CORTEX,FRAGMENTS,C028_v2_cortex.wav,26.739,463.983,490.722,opacité fin V2  Cortex.wav
CORTEX,FRAGMENTS,C029_v2_cortex.wav,15.538,491.98,507.518,opacité fin V2  Cortex.wav
CORTEX,FRAGMENTS,C030_v2_cortex.wav,21.736,508.732,530.469,opacité fin V2  Cortex.wav
CORTEX,FRAGMENTS,C031_v2_cortex.wav,15.787,534.982,550.769,opacité fin V2  Cortex.wav
CORTEX,FRAGMENTS,C032_v2_cortex.wav,16.395,554.983,571.377,opacité fin V2  Cortex.wav
CORTEX,FRAGMENTS,C033_v2_cortex.wav,16.413,573.043,589.456,opacité fin V2  Cortex.wav
CORTEX,ECART,C034_v2_cortex.wav,12.101,596.043,608.143,opacité fin V2  Cortex.wav
CORTEX,ECART,C035_v2_cortex.wav,4.143,615.981,620.124,opacité fin V2  Cortex.wav
CORTEX,ECART,C036_v2_cortex.wav,9.928,621.981,631.909,opacité fin V2  Cortex.wav
CORTEX,ECART,C037_v2_cortex.wav,9.968,633.045,643.014,opacité fin V2  Cortex.wav
CORTEX,ECART,C038_v2_cortex.wav,9.389,647.987,657.375,opacité fin V2  Cortex.wav
CORTEX,ECART,C039_v2_cortex.wav,2.284,663.484,665.768,opacité fin V2  Cortex.wav
CORTEX,ECART,C040_v2_cortex.wav,6.48,675.039,681.519,opacité fin V2  Cortex.wav
CORTEX,ECART,C041_v2_cortex.wav,7.775,682.606,690.382,opacité fin V2  Cortex.wav
CORTEX,ECART,C042_v2_cortex.wav,10.935,699.482,710.416,opacité fin V2  Cortex.wav
CORTEX,ECART,C043_v2_cortex.wav,4.83,717.241,722.071,opacité fin V2  Cortex.wav
CORTEX,ECART,C044_v2_cortex.wav,10.003,735.231,745.234,opacité fin V2  Cortex.wav
CORTEX,ECART,C045_v2_cortex.wav,12.797,766.551,779.348,opacité fin V2  Cortex.wav
CORTEX,FRAGMENTS,C046_v2_cortex.wav,17.617,781.896,799.513,opacité fin V2  Cortex.wav
CORTEX,ECART,C047_v2_cortex.wav,10.499,808.019,818.518,opacité fin V2  Cortex.wav
HIPPOCAMPE,ECART,H001_v2_hippocampe.wav,0.766,0.0,0.766,opacité fin V2  Hippocampe.wav
HIPPOCAMPE,SOUPLE,H002_v2_hippocampe.wav,4.58,4.981,9.561,opacité fin V2  Hippocampe.wav
HIPPOCAMPE,ECART,H003_v2_hippocampe.wav,4.365,11.731,16.096,opacité fin V2  Hippocampe.wav
HIPPOCAMPE,ECART,H004_v2_hippocampe.wav,1.067,17.992,19.059,opacité fin V2  Hippocampe.wav
HIPPOCAMPE,ECART,H005_v2_hippocampe.wav,3.223,21.983,25.206,opacité fin V2  Hippocampe.wav
HIPPOCAMPE,OK,H006_v2_hippocampe.wav,8.036,29.981,38.017,opacité fin V2  Hippocampe.wav
HIPPOCAMPE,ECART,H007_v2_hippocampe.wav,1.153,39.982,41.135,opacité fin V2  Hippocampe.wav
HIPPOCAMPE,OK,H008_v2_hippocampe.wav,9.875,48.009,57.884,opacité fin V2  Hippocampe.wav
HIPPOCAMPE,OK,H009_v2_hippocampe.wav,8.852,58.734,67.585,opacité fin V2  Hippocampe.wav
HIPPOCAMPE,OK,H010_v2_hippocampe.wav,6.852,69.031,75.883,opacité fin V2  Hippocampe.wav
HIPPOCAMPE,SOUPLE,H011_v2_hippocampe.wav,10.452,76.892,87.344,opacité fin V2  Hippocampe.wav
HIPPOCAMPE,ECART,H012_v2_hippocampe.wav,2.041,92.009,94.05,opacité fin V2  Hippocampe.wav
HIPPOCAMPE,ECART,H013_v2_hippocampe.wav,1.533,96.362,97.895,opacité fin V2  Hippocampe.wav
HIPPOCAMPE,OK,H014_v2_hippocampe.wav,5.118,101.641,106.759,opacité fin V2  Hippocampe.wav
HIPPOCAMPE,SOUPLE,H015_v2_hippocampe.wav,4.801,112.134,116.935,opacité fin V2  Hippocampe.wav
HIPPOCAMPE,ECART,H016_v2_hippocampe.wav,4.408,121.239,125.647,opacité fin V2  Hippocampe.wav
HIPPOCAMPE,ECART,H017_v2_hippocampe.wav,2.176,129.963,132.139,opacité fin V2  Hippocampe.wav
HIPPOCAMPE,ECART,H018_v2_hippocampe.wav,2.13,138.621,140.752,opacité fin V2  Hippocampe.wav
HIPPOCAMPE,SOUPLE,H019_v2_hippocampe.wav,11.183,142.779,153.962,opacité fin V2  Hippocampe.wav
HIPPOCAMPE,ECART,H020_v2_hippocampe.wav,1.424,155.133,156.557,opacité fin V2  Hippocampe.wav
HIPPOCAMPE,ECART,H021_v2_hippocampe.wav,12.809,157.429,170.238,opacité fin V2  Hippocampe.wav
HIPPOCAMPE,ECART,H022_v2_hippocampe.wav,3.909,172.104,176.013,opacité fin V2  Hippocampe.wav
HIPPOCAMPE,ECART,H023_v2_hippocampe.wav,1.352,179.986,181.339,opacité fin V2  Hippocampe.wav
HIPPOCAMPE,ECART,H024_v2_hippocampe.wav,0.952,187.107,188.059,opacité fin V2  Hippocampe.wav
HIPPOCAMPE,ECART,H025_v2_hippocampe.wav,3.264,189.984,193.248,opacité fin V2  Hippocampe.wav
HIPPOCAMPE,ECART,H026_v2_hippocampe.wav,0.912,196.061,196.973,opacité fin V2  Hippocampe.wav
HIPPOCAMPE,SOUPLE,H027_v2_hippocampe.wav,4.608,199.046,203.654,opacité fin V2  Hippocampe.wav
HIPPOCAMPE,OK,H028_v2_hippocampe.wav,9.441,212.68,222.12,opacité fin V2  Hippocampe.wav
HIPPOCAMPE,ECART,H029_v2_hippocampe.wav,2.03,223.98,226.01,opacité fin V2  Hippocampe.wav
HIPPOCAMPE,SOUPLE,H030_v2_hippocampe.wav,4.999,232.002,237.0,opacité fin V2  Hippocampe.wav
HIPPOCAMPE,ECART,H031_v2_hippocampe.wav,2.475,239.988,242.463,opacité fin V2  Hippocampe.wav
HIPPOCAMPE,OK,H032_v2_hippocampe.wav,7.334,250.932,258.266,opacité fin V2  Hippocampe.wav
HIPPOCAMPE,ECART,H033_v2_hippocampe.wav,4.455,260.035,264.49,opacité fin V2  Hippocampe.wav
HIPPOCAMPE,ECART,H034_v2_hippocampe.wav,2.148,268.169,270.317,opacité fin V2  Hippocampe.wav
RECONSTRUCTION,COURT,R001_v2_reconstruction.wav,1.988,0.0,1.988,opacité fin V2  Reconstruction.wav
RECONSTRUCTION,COURT,R002_v2_reconstruction.wav,2.502,2.504,5.006,opacité fin V2  Reconstruction.wav
RECONSTRUCTION,COURT,R003_v2_reconstruction.wav,1.708,5.556,7.264,opacité fin V2  Reconstruction.wav
RECONSTRUCTION,COURT,R004_v2_reconstruction.wav,0.618,7.99,8.608,opacité fin V2  Reconstruction.wav
RECONSTRUCTION,COURT,R005_v2_reconstruction.wav,1.155,9.989,11.144,opacité fin V2  Reconstruction.wav
RECONSTRUCTION,COURT,R006_v2_reconstruction.wav,1.157,12.983,14.141,opacité fin V2  Reconstruction.wav
RECONSTRUCTION,COURT,R007_v2_reconstruction.wav,1.256,14.983,16.238,opacité fin V2  Reconstruction.wav
RECONSTRUCTION,COURT,R008_v2_reconstruction.wav,0.778,24.004,24.783,opacité fin V2  Reconstruction.wav
RECONSTRUCTION,COURT,R009_v2_reconstruction.wav,1.168,26.483,27.651,opacité fin V2  Reconstruction.wav
RECONSTRUCTION,COURT,R010_v2_reconstruction.wav,4.049,31.983,36.032,opacité fin V2  Reconstruction.wav
RECONSTRUCTION,MOYEN,R011_v2_reconstruction.wav,11.775,39.983,51.758,opacité fin V2  Reconstruction.wav
RECONSTRUCTION,COURT,R012_v2_reconstruction.wav,0.866,59.984,60.85,opacité fin V2  Reconstruction.wav
RECONSTRUCTION,MOYEN,R013_v2_reconstruction.wav,5.036,63.982,69.019,opacité fin V2  Reconstruction.wav
RECONSTRUCTION,COURT,R014_v2_reconstruction.wav,2.502,80.022,82.525,opacité fin V2  Reconstruction.wav
RECONSTRUCTION,COURT,R015_v2_reconstruction.wav,1.032,105.987,107.019,opacité fin V2  Reconstruction.wav
RECONSTRUCTION,COURT,R016_v2_reconstruction.wav,0.789,113.981,114.77,opacité fin V2  Reconstruction.wav
RECONSTRUCTION,COURT,R017_v2_reconstruction.wav,1.286,120.483,121.769,opacité fin V2  Reconstruction.wav
RECONSTRUCTION,COURT,R018_v2_reconstruction.wav,1.035,146.087,147.122,opacité fin V2  Reconstruction.wav
RECONSTRUCTION,COURT,R019_v2_reconstruction.wav,0.502,163.231,163.733,opacité fin V2  Reconstruction.wav
RECONSTRUCTION,COURT,R020_v2_reconstruction.wav,2.2,167.358,169.559,opacité fin V2  Reconstruction.wav
RECONSTRUCTION,COURT,R021_v2_reconstruction.wav,1.284,174.234,175.519,opacité fin V2  Reconstruction.wav
RECONSTRUCTION,COURT,R022_v2_reconstruction.wav,0.641,177.484,178.125,opacité fin V2  Reconstruction.wav
RECONSTRUCTION,COURT,R023_v2_reconstruction.wav,0.989,181.734,182.723,opacité fin V2  Reconstruction.wav
RECONSTRUCTION,COURT,R024_v2_reconstruction.wav,1.163,184.481,185.644,opacité fin V2  Reconstruction.wav
RECONSTRUCTION,COURT,R025_v2_reconstruction.wav,1.887,213.107,214.994,opacité fin V2  Reconstruction.wav
RECONSTRUCTION,COURT,R026_v2_reconstruction.wav,1.081,225.504,226.585,opacité fin V2  Reconstruction.wav
RECONSTRUCTION,COURT,R027_v2_reconstruction.wav,1.278,227.982,229.26,opacité fin V2  Reconstruction.wav
RECONSTRUCTION,COURT,R028_v2_reconstruction.wav,0.899,231.982,232.882,opacité fin V2  Reconstruction.wav
RECONSTRUCTION,COURT,R029_v2_reconstruction.wav,1.765,299.982,301.746,opacité fin V2  Reconstruction.wav
RECONSTRUCTION,COURT,R030_v2_reconstruction.wav,1.043,349.051,350.094,opacité fin V2  Reconstruction.wav
RECONSTRUCTION,COURT,R031_v2_reconstruction.wav,0.958,352.129,353.088,opacité fin V2  Reconstruction.wav
RECONSTRUCTION,COURT,R032_v2_reconstruction.wav,1.91,354.131,356.041,opacité fin V2  Reconstruction.wav
RECONSTRUCTION,COURT,R033_v2_reconstruction.wav,0.973,377.482,378.456,opacité fin V2  Reconstruction.wav
RECONSTRUCTION,COURT,R034_v2_reconstruction.wav,1.275,399.982,401.256,opacité fin V2  Reconstruction.wav
RECONSTRUCTION,COURT,R035_v2_reconstruction.wav,1.179,404.982,406.161,opacité fin V2  Reconstruction.wav
RECONSTRUCTION,COURT,R036_v2_reconstruction.wav,0.992,423.986,424.978,opacité fin V2  Reconstruction.wav
RECONSTRUCTION,COURT,R037_v2_reconstruction.wav,1.174,434.981,436.155,opacité fin V2  Reconstruction.wav
RECONSTRUCTION,COURT,R038_v2_reconstruction.wav,1.95,441.531,443.481,opacité fin V2  Reconstruction.wav
RECONSTRUCTION,COURT,R039_v2_reconstruction.wav,0.788,466.791,467.579,opacité fin V2  Reconstruction.wav
RECONSTRUCTION,COURT,R040_v2_reconstruction.wav,0.748,475.856,476.604,opacité fin V2  Reconstruction.wav
RECONSTRUCTION,COURT,R041_v2_reconstruction.wav,1.125,477.395,478.52,opacité fin V2  Reconstruction.wav
RECONSTRUCTION,COURT,R042_v2_reconstruction.wav,0.714,487.043,487.758,opacité fin V2  Reconstruction.wav
RECONSTRUCTION,COURT,R043_v2_reconstruction.wav,1.494,494.505,495.998,opacité fin V2  Reconstruction.wav
RECONSTRUCTION,COURT,R044_v2_reconstruction.wav,0.913,496.731,497.644,opacité fin V2  Reconstruction.wav
RECONSTRUCTION,COURT,R045_v2_reconstruction.wav,1.564,507.702,509.266,opacité fin V2  Reconstruction.wav
RECONSTRUCTION,COURT,R046_v2_reconstruction.wav,1.059,571.5,572.559,opacité fin V2  Reconstruction.wav
RECONSTRUCTION,COURT,R047_v2_reconstruction.wav,1.51,594.115,595.625,opacité fin V2  Reconstruction.wav
RECONSTRUCTION,COURT,R048_v2_reconstruction.wav,1.942,596.754,598.697,opacité fin V2  Reconstruction.wav
RECONSTRUCTION,COURT,R049_v2_reconstruction.wav,1.181,604.067,605.248,opacité fin V2  Reconstruction.wav
RECONSTRUCTION,COURT,R050_v2_reconstruction.wav,2.625,633.987,636.612,opacité fin V2  Reconstruction.wav
RECONSTRUCTION,COURT,R051_v2_reconstruction.wav,3.517,637.984,641.501,opacité fin V2  Reconstruction.wav
RECONSTRUCTION,COURT,R052_v2_reconstruction.wav,0.804,653.66,654.464,opacité fin V2  Reconstruction.wav
RECONSTRUCTION,COURT,R053_v2_reconstruction.wav,0.786,655.357,656.143,opacité fin V2  Reconstruction.wav
RECONSTRUCTION,COURT,R054_v2_reconstruction.wav,0.867,664.029,664.896,opacité fin V2  Reconstruction.wav
RECONSTRUCTION,COURT,R055_v2_reconstruction.wav,1.768,669.483,671.251,opacité fin V2  Reconstruction.wav
RECONSTRUCTION,COURT,R056_v2_reconstruction.wav,0.966,672.514,673.48,opacité fin V2  Reconstruction.wav
RECONSTRUCTION,COURT,R057_v2_reconstruction.wav,1.585,676.982,678.567,opacité fin V2  Reconstruction.wav
RECONSTRUCTION,COURT,R058_v2_reconstruction.wav,3.028,679.99,683.018,opacité fin V2  Reconstruction.wav
RECONSTRUCTION,COURT,R059_v2_reconstruction.wav,0.92,684.094,685.014,opacité fin V2  Reconstruction.wav
RECONSTRUCTION,COURT,R060_v2_reconstruction.wav,2.083,685.986,688.069,opacité fin V2  Reconstruction.wav
RECONSTRUCTION,COURT,R061_v2_reconstruction.wav,0.506,706.106,706.612,opacité fin V2  Reconstruction.wav
RECONSTRUCTION,COURT,R062_v2_reconstruction.wav,1.787,711.606,713.394,opacité fin V2  Reconstruction.wav
RECONSTRUCTION,COURT,R063_v2_reconstruction.wav,1.108,715.908,717.016,opacité fin V2  Reconstruction.wav
RECONSTRUCTION,COURT,R064_v2_reconstruction.wav,0.917,723.732,724.649,opacité fin V2  Reconstruction.wav
RECONSTRUCTION,COURT,R065_v2_reconstruction.wav,2.037,726.983,729.02,opacité fin V2  Reconstruction.wav
RECONSTRUCTION,COURT,R066_v2_reconstruction.wav,3.287,729.481,732.769,opacité fin V2  Reconstruction.wav
RECONSTRUCTION,COURT,R067_v2_reconstruction.wav,2.031,733.494,735.525,opacité fin V2  Reconstruction.wav
RECONSTRUCTION,COURT,R068_v2_reconstruction.wav,2.323,736.857,739.18,opacité fin V2  Reconstruction.wav
RECONSTRUCTION,COURT,R069_v2_reconstruction.wav,0.539,742.049,742.588,opacité fin V2  Reconstruction.wav
RECONSTRUCTION,COURT,R070_v2_reconstruction.wav,0.857,752.481,753.338,opacité fin V2  Reconstruction.wav
RECONSTRUCTION,COURT,R071_v2_reconstruction.wav,0.867,762.06,762.927,opacité fin V2  Reconstruction.wav
RECONSTRUCTION,COURT,R072_v2_reconstruction.wav,0.768,772.034,772.802,opacité fin V2  Reconstruction.wav
RECONSTRUCTION,COURT,R073_v2_reconstruction.wav,2.596,775.984,778.58,opacité fin V2  Reconstruction.wav
RECONSTRUCTION,COURT,R074_v2_reconstruction.wav,1.388,779.981,781.369,opacité fin V2  Reconstruction.wav
RECONSTRUCTION,COURT,R075_v2_reconstruction.wav,2.176,782.013,784.189,opacité fin V2  Reconstruction.wav
RECONSTRUCTION,COURT,R076_v2_reconstruction.wav,4.455,786.535,790.99,opacité fin V2  Reconstruction.wav
RECONSTRUCTION,COURT,R077_v2_reconstruction.wav,1.154,792.315,793.469,opacité fin V2  Reconstruction.wav
RECONSTRUCTION,COURT,R078_v2_reconstruction.wav,0.537,795.983,796.521,opacité fin V2  Reconstruction.wav
RECONSTRUCTION,COURT,R079_v2_reconstruction.wav,1.493,797.981,799.474,opacité fin V2  Reconstruction.wav
RECONSTRUCTION,COURT,R080_v2_reconstruction.wav,2.191,800.753,802.943,opacité fin V2  Reconstruction.wav
RECONSTRUCTION,COURT,R081_v2_reconstruction.wav,1.525,803.74,805.265,opacité fin V2  Reconstruction.wav
RECONSTRUCTION,COURT,R082_v2_reconstruction.wav,1.256,806.235,807.491,opacité fin V2  Reconstruction.wav
RECONSTRUCTION,MOYEN,R083_v2_reconstruction.wav,5.442,811.009,816.451,opacité fin V2  Reconstruction.wav
RECONSTRUCTION,COURT,R084_v2_reconstruction.wav,3.406,818.35,821.756,opacité fin V2  Reconstruction.wav
RECONSTRUCTION,COURT,R085_v2_reconstruction.wav,1.265,822.253,823.518,opacité fin V2  Reconstruction.wav
RECONSTRUCTION,COURT,R086_v2_reconstruction.wav,0.762,824.233,824.995,opacité fin V2  Reconstruction.wav
RECONSTRUCTION,COURT,R087_v2_reconstruction.wav,0.783,826.735,827.517,opacité fin V2  Reconstruction.wav
RECONSTRUCTION,COURT,R088_v2_reconstruction.wav,2.596,828.484,831.08,opacité fin V2  Reconstruction.wav
AMBIANCE,OK,A01_v3_cortex_ambiance.wav,19.954,0.0,19.954,ambiance opacité fin V3.wav
AMBIANCE,OK,A02_v3_cortex_ambiance.wav,17.67,24.193,41.862,ambiance opacité fin V3.wav
AMBIANCE,OK,A03_v3_cortex_ambiance.wav,3.023,43.375,46.398,ambiance opacité fin V3.wav
AMBIANCE,OK,A04_v3_cortex_ambiance.wav,37.218,49.993,87.211,ambiance opacité fin V3.wav
AMBIANCE,OK,A05_v3_cortex_ambiance.wav,4.182,95.602,99.784,ambiance opacité fin V3.wav
AMBIANCE,OK,A06_v3_cortex_ambiance.wav,16.465,180.072,196.538,ambiance opacité fin V3.wav
AMBIANCE,OK,A07_v3_cortex_ambiance.wav,5.312,200.098,205.41,ambiance opacité fin V3.wav
AMBIANCE,OK,A08_v3_cortex_ambiance.wav,5.946,221.454,227.4,ambiance opacité fin V3.wav
AMBIANCE,OK,A09_v3_cortex_ambiance.wav,3.961,231.716,235.676,ambiance opacité fin V3.wav
AMBIANCE,OK,A10_v3_cortex_ambiance.wav,2.188,242.852,245.04,ambiance opacité fin V3.wav
AMBIANCE,OK,A11_v3_cortex_ambiance.wav,2.808,264.316,267.124,ambiance opacité fin V3.wav
AMBIANCE,OK,A12_v3_cortex_ambiance.wav,14.536,269.079,283.615,ambiance opacité fin V3.wav
AMBIANCE,OK,A13_v3_cortex_ambiance.wav,2.454,284.719,287.173,ambiance opacité fin V3.wav
AMBIANCE,OK,A14_v3_cortex_ambiance.wav,4.836,296.072,300.908,ambiance opacité fin V3.wav
AMBIANCE,OK,A15_v3_cortex_ambiance.wav,2.749,358.086,360.835,ambiance opacité fin V3.wav
AMBIANCE,OK,A16_v3_cortex_ambiance.wav,5.092,431.057,436.149,ambiance opacité fin V3.wav
AMBIANCE,OK,A17_v3_cortex_ambiance.wav,5.931,446.679,452.609,ambiance opacité fin V3.wav
AMBIANCE,OK,A18_v3_cortex_ambiance.wav,2.271,495.417,497.689,ambiance opacité fin V3.wav
AMBIANCE,OK,A19_v3_cortex_ambiance.wav,3.551,501.381,504.932,ambiance opacité fin V3.wav
AMBIANCE,OK,A20_v3_cortex_ambiance.wav,5.092,551.057,556.149,ambiance opacité fin V3.wav
AMBIANCE,OK,A21_v3_cortex_ambiance.wav,2.867,566.679,569.546,ambiance opacité fin V3.wav
AMBIANCE,OK,A22_v3_cortex_ambiance.wav,3.41,573.965,577.375,ambiance opacité fin V3.wav
AMBIANCE,OK,A23_v3_cortex_ambiance.wav,11.506,579.169,590.675,ambiance opacité fin V3.wav
AMBIANCE,OK,A24_v3_cortex_ambiance.wav,17.389,591.913,609.302,ambiance opacité fin V3.wav
AMBIANCE,OK,A25_v3_cortex_ambiance.wav,9.867,621.758,631.625,ambiance opacité fin V3.wav
AMBIANCE,OK,A26_v3_cortex_ambiance.wav,4.604,640.228,644.832,ambiance opacité fin V3.wav
AMBIANCE,OK,A27_v3_cortex_ambiance.wav,3.429,689.807,693.236,ambiance opacité fin V3.wav
AMBIANCE,OK,A28_v3_cortex_ambiance.wav,5.919,708.195,714.115,ambiance opacité fin V3.wav
AMBIANCE,OK,A29_v3_cortex_ambiance.wav,2.454,715.219,717.673,ambiance opacité fin V3.wav
AMBIANCE,OK,A30_v3_cortex_ambiance.wav,2.76,728.037,730.797,ambiance opacité fin V3.wav
AMBIANCE,OK,A31_v3_cortex_ambiance.wav,2.287,733.894,736.181,ambiance opacité fin V3.wav
AMBIANCE,OK,A32_v3_cortex_ambiance.wav,4.218,747.073,751.292,ambiance opacité fin V3.wav
AMBIANCE,OK,A33_v3_cortex_ambiance.wav,13.987,969.663,983.65,ambiance opacité fin V3.wav
AMBIANCE,OK,A34_v3_cortex_ambiance.wav,4.448,988.183,992.631,ambiance opacité fin V3.wav
AMBIANCE,OK,A35_v3_cortex_ambiance.wav,3.433,997.822,1001.255,ambiance opacité fin V3.wav
AMBIANCE,OK,A36_v3_cortex_ambiance.wav,5.276,1016.044,1021.32,ambiance opacité fin V3.wav
AMBIANCE,OK,A37_v3_cortex_ambiance.wav,2.562,1091.695,1094.257,ambiance opacité fin V3.wav
AMBIANCE,OK,A38_v3_cortex_ambiance.wav,23.634,1104.187,1127.822,ambiance opacité fin V3.wav
AMBIANCE,OK,A39_v3_cortex_ambiance.wav,13.436,1131.985,1145.421,ambiance opacité fin V3.wav
AMBIANCE,OK,A40_v3_cortex_ambiance.wav,15.801,1152.136,1167.937,ambiance opacité fin V3.wav
AMBIANCE,OK,A41_v3_cortex_ambiance.wav,12.685,1170.433,1183.119,ambiance opacité fin V3.wav
AMBIANCE,OK,A42_v3_cortex_ambiance.wav,2.297,1186.012,1188.309,ambiance opacité fin V3.wav
AMBIANCE,OK,A43_v3_cortex_ambiance.wav,19.691,1440.076,1459.767,ambiance opacité fin V3.wav
AMBIANCE,OK,A44_v3_cortex_ambiance.wav,16.786,1460.731,1477.518,ambiance opacité fin V3.wav
AMBIANCE,OK,A45_v3_cortex_ambiance.wav,14.641,1488.079,1502.72,ambiance opacité fin V3.wav
AMBIANCE,OK,A46_v3_cortex_ambiance.wav,25.933,1510.086,1536.019,ambiance opacité fin V3.wav
AMBIANCE,OK,A47_v3_cortex_ambiance.wav,3.949,1543.981,1547.93,ambiance opacité fin V3.wav
AMBIANCE,OK,A48_v3_cortex_ambiance.wav,51.854,1560.163,1612.017,ambiance opacité fin V3.wav
AMBIANCE,OK,A49_v3_cortex_ambiance.wav,32.035,1619.982,1652.018,ambiance opacité fin V3.wav
AMBIANCE,OK,A50_v3_cortex_ambiance.wav,58.035,1655.983,1714.018,ambiance opacité fin V3.wav
AMBIANCE,OK,A51_v3_cortex_ambiance.wav,60.035,1717.983,1778.018,ambiance opacité fin V3.wav
AMBIANCE,OK,A52_v3_cortex_ambiance.wav,58.783,1801.047,1859.83,ambiance opacité fin V3.wav
AMBIANCE,OK,A53_v3_cortex_ambiance.wav,29.512,1864.062,1893.574,ambiance opacité fin V3.wav
AMBIANCE,OK,A54_v3_cortex_ambiance.wav,53.664,1920.126,1973.79,ambiance opacité fin V3.wav
AMBIANCE,OK,A55_v3_cortex_ambiance.wav,28.746,1976.11,2004.856,ambiance opacité fin V3.wav
AMBIANCE,OK,A56_v3_cortex_ambiance.wav,59.861,2010.012,2069.874,ambiance opacité fin V3.wav
AMBIANCE,OK,A57_v3_cortex_ambiance.wav,12.828,2072.19,2085.018,ambiance opacité fin V3.wav
AMBIANCE,OK,A58_v3_cortex_ambiance.wav,20.61,2091.262,2111.871,ambiance opacité fin V3.wav
AMBIANCE,OK,A59_v3_cortex_ambiance.wav,59.736,2119.989,2179.725,ambiance opacité fin V3.wav
AMBIANCE,OK,A60_v3_cortex_ambiance.wav,15.995,2181.598,2197.593,ambiance opacité fin V3.wav
AMBIANCE,OK,A61_v3_cortex_ambiance.wav,50.411,2220.385,2270.797,ambiance opacité fin V3.wav
AMBIANCE,OK,A62_v3_cortex_ambiance.wav,36.673,2280.11,2316.784,ambiance opacité fin V3.wav
AMBIANCE,OK,A63_v3_cortex_ambiance.wav,90.762,2336.595,2427.357,ambiance opacité fin V3.wav
AMBIANCE,OK,A64_v3_cortex_ambiance.wav,62.677,2464.352,2527.029,ambiance opacité fin V3.wav
AMBIANCE,OK,A65_v3_cortex_ambiance.wav,41.63,2580.327,2621.956,ambiance opacité fin V3.wav
AMBIANCE,OK,A66_v3_cortex_ambiance.wav,59.838,2639.981,2699.819,ambiance opacité fin V3.wav
AMBIANCE,OK,A67_v3_cortex_ambiance.wav,59.829,2715.981,2775.81,ambiance opacité fin V3.wav
AMBIANCE,OK,A68_v3_cortex_ambiance.wav,59.641,2780.35,2839.991,ambiance opacité fin V3.wav
