fichier,etat,bucket,duree,src,t_debut,t_fin,famille,tags,usage_prefere,notes
A01_v3_cortex_ambiance.wav,CORTEX,AMBIANCE,19.954,ambiance opacité fin V6 Cortex ambiance.wav,0.0,19.954,,,,
A02_v3_cortex_ambiance.wav,CORTEX,AMBIANCE,17.67,ambiance opacité fin V6 Cortex ambiance.wav,24.193,41.862,,,,
A03_v3_cortex_ambiance.wav,CORTEX,AMBIANCE,3.023,ambiance opacité fin V6 Cortex ambiance.wav,43.375,46.398,,,,
A04_v3_cortex_ambiance.wav,CORTEX,AMBIANCE,37.218,ambiance opacité fin V6 Cortex ambiance.wav,49.993,87.211,,,,
A05_v3_cortex_ambiance.wav,CORTEX,AMBIANCE,4.182,ambiance opacité fin V6 Cortex ambiance.wav,95.602,99.784,,,,
A06_v3_cortex_ambiance.wav,CORTEX,AMBIANCE,16.465,ambiance opacité fin V6 Cortex ambiance.wav,180.072,196.538,,,,
A07_v3_cortex_ambiance.wav,CORTEX,AMBIANCE,5.312,ambiance opacité fin V6 Cortex ambiance.wav,200.098,205.41,,,,
A08_v3_cortex_ambiance.wav,CORTEX,AMBIANCE,5.946,ambiance opacité fin V6 Cortex ambiance.wav,221.454,227.4,,,,
A09_v3_cortex_ambiance.wav,CORTEX,AMBIANCE,3.961,ambiance opacité fin V6 Cortex ambiance.wav,231.716,235.676,,,,
A10_v3_cortex_ambiance.wav,CORTEX,AMBIANCE,2.188,ambiance opacité fin V6 Cortex ambiance.wav,242.852,245.04,,,,
A11_v3_cortex_ambiance.wav,CORTEX,AMBIANCE,2.808,ambiance opacité fin V6 Cortex ambiance.wav,264.316,267.124,,,,
A12_v3_cortex_ambiance.wav,CORTEX,AMBIANCE,14.536,ambiance opacité fin V6 Cortex ambiance.wav,269.079,283.615,,,,
A13_v3_cortex_ambiance.wav,CORTEX,AMBIANCE,2.454,ambiance opacité fin V6 Cortex ambiance.wav,284.719,287.173,,,,
A14_v3_cortex_ambiance.wav,CORTEX,AMBIANCE,4.836,ambiance opacité fin V6 Cortex ambiance.wav,296.072,300.908,,,,
A15_v3_cortex_ambiance.wav,CORTEX,AMBIANCE,2.749,ambiance opacité fin V6 Cortex ambiance.wav,358.086,360.835,,,,
A16_v3_cortex_ambiance.wav,CORTEX,AMBIANCE,5.092,ambiance opacité fin V6 Cortex ambiance.wav,431.057,436.149,,,,
A17_v3_cortex_ambiance.wav,CORTEX,AMBIANCE,5.931,ambiance opacité fin V6 Cortex ambiance.wav,446.678,452.609,,,,
A18_v3_cortex_ambiance.wav,CORTEX,AMBIANCE,2.271,ambiance opacité fin V6 Cortex ambiance.wav,495.417,497.689,,,,
A19_v3_cortex_ambiance.wav,CORTEX,AMBIANCE,3.551,ambiance opacité fin V6 Cortex ambiance.wav,501.381,504.932,,,,
A20_v3_cortex_ambiance.wav,CORTEX,AMBIANCE,5.092,ambiance opacité fin V6 Cortex ambiance.wav,551.057,556.149,,,,
A21_v3_cortex_ambiance.wav,CORTEX,AMBIANCE,2.867,ambiance opacité fin V6 Cortex ambiance.wav,566.678,569.546,,,,
A22_v3_cortex_ambiance.wav,CORTEX,AMBIANCE,3.41,ambiance opacité fin V6 Cortex ambiance.wav,573.965,577.375,,,,
A23_v3_cortex_ambiance.wav,CORTEX,AMBIANCE,11.506,ambiance opacité fin V6 Cortex ambiance.wav,579.169,590.675,,,,
A24_v3_cortex_ambiance.wav,CORTEX,AMBIANCE,17.389,ambiance opacité fin V6 Cortex ambiance.wav,591.913,609.302,,,,
A25_v3_cortex_ambiance.wav,CORTEX,AMBIANCE,9.867,ambiance opacité fin V6 Cortex ambiance.wav,621.758,631.625,,,,
A26_v3_cortex_ambiance.wav,CORTEX,AMBIANCE,4.604,ambiance opacité fin V6 Cortex ambiance.wav,640.228,644.832,,,,
A27_v3_cortex_ambiance.wav,CORTEX,AMBIANCE,3.429,ambiance opacité fin V6 Cortex ambiance.wav,689.807,693.236,,,,
A28_v3_cortex_ambiance.wav,CORTEX,AMBIANCE,5.919,ambiance opacité fin V6 Cortex ambiance.wav,708.195,714.115,,,,
A29_v3_cortex_ambiance.wav,CORTEX,AMBIANCE,2.454,ambiance opacité fin V6 Cortex ambiance.wav,715.219,717.673,,,,
A30_v3_cortex_ambiance.wav,CORTEX,AMBIANCE,2.76,ambiance opacité fin V6 Cortex ambiance.wav,728.037,730.797,,,,
A31_v3_cortex_ambiance.wav,CORTEX,AMBIANCE,2.287,ambiance opacité fin V6 Cortex ambiance.wav,733.894,736.181,,,,
A32_v3_cortex_ambiance.wav,CORTEX,AMBIANCE,4.218,ambiance opacité fin V6 Cortex ambiance.wav,747.073,751.292,,,,
A33_v3_cortex_ambiance.wav,CORTEX,AMBIANCE,13.987,ambiance opacité fin V6 Cortex ambiance.wav,969.663,983.65,,,,
A34_v3_cortex_ambiance.wav,CORTEX,AMBIANCE,4.448,ambiance opacité fin V6 Cortex ambiance.wav,988.183,992.631,,,,
A35_v3_cortex_ambiance.wav,CORTEX,AMBIANCE,3.433,ambiance opacité fin V6 Cortex ambiance.wav,997.822,1001.255,,,,
A36_v3_cortex_ambiance.wav,CORTEX,AMBIANCE,5.276,ambiance opacité fin V6 Cortex ambiance.wav,1016.044,1021.32,,,,
A37_v3_cortex_ambiance.wav,CORTEX,AMBIANCE,2.562,ambiance opacité fin V6 Cortex ambiance.wav,1091.695,1094.257,,,,
A38_v3_cortex_ambiance.wav,CORTEX,AMBIANCE,23.634,ambiance opacité fin V6 Cortex ambiance.wav,1104.187,1127.821,,,,
A39_v3_cortex_ambiance.wav,CORTEX,AMBIANCE,13.436,ambiance opacité fin V6 Cortex ambiance.wav,1131.985,1145.421,,,,
A40_v3_cortex_ambiance.wav,CORTEX,AMBIANCE,15.801,ambiance opacité fin V6 Cortex ambiance.wav,1152.136,1167.937,,,,
A41_v3_cortex_ambiance.wav,CORTEX,AMBIANCE,12.685,ambiance opacité fin V6 Cortex ambiance.wav,1170.433,1183.118,,,,
A42_v3_cortex_ambiance.wav,CORTEX,AMBIANCE,2.297,ambiance opacité fin V6 Cortex ambiance.wav,1186.012,1188.309,,,,
A43_v3_cortex_ambiance.wav,CORTEX,AMBIANCE,19.691,ambiance opacité fin V6 Cortex ambiance.wav,1440.076,1459.767,,,,
A44_v3_cortex_ambiance.wav,CORTEX,AMBIANCE,16.786,ambiance opacité fin V6 Cortex ambiance.wav,1460.731,1477.518,,,,
A45_v3_cortex_ambiance.wav,CORTEX,AMBIANCE,14.641,ambiance opacité fin V6 Cortex ambiance.wav,1488.078,1502.72,,,,
A46_v3_cortex_ambiance.wav,CORTEX,AMBIANCE,25.933,ambiance opacité fin V6 Cortex ambiance.wav,1510.086,1536.019,,,,
A47_v3_cortex_ambiance.wav,CORTEX,AMBIANCE,3.949,ambiance opacité fin V6 Cortex ambiance.wav,1543.981,1547.93,,,,
A48_v3_cortex_ambiance.wav,CORTEX,AMBIANCE,51.854,ambiance opacité fin V6 Cortex ambiance.wav,1560.163,1612.017,,,,
A49_v3_cortex_ambiance.wav,CORTEX,AMBIANCE,32.035,ambiance opacité fin V6 Cortex ambiance.wav,1619.982,1652.017,,,,
A50_v3_cortex_ambiance.wav,CORTEX,AMBIANCE,58.035,ambiance opacité fin V6 Cortex ambiance.wav,1655.983,1714.018,,,,
A51_v3_cortex_ambiance.wav,CORTEX,AMBIANCE,60.035,ambiance opacité fin V6 Cortex ambiance.wav,1717.983,1778.018,,,,
A52_v3_cortex_ambiance.wav,CORTEX,AMBIANCE,58.783,ambiance opacité fin V6 Cortex ambiance.wav,1801.047,1859.83,,,,
A53_v3_cortex_ambiance.wav,CORTEX,AMBIANCE,29.512,ambiance opacité fin V6 Cortex ambiance.wav,1864.062,1893.574,,,,
A54_v3_cortex_ambiance.wav,CORTEX,AMBIANCE,53.664,ambiance opacité fin V6 Cortex ambiance.wav,1920.126,1973.79,,,,
A55_v3_cortex_ambiance.wav,CORTEX,AMBIANCE,28.746,ambiance opacité fin V6 Cortex ambiance.wav,1976.11,2004.856,,,,
A56_v3_cortex_ambiance.wav,CORTEX,AMBIANCE,59.861,ambiance opacité fin V6 Cortex ambiance.wav,2010.012,2069.873,,,,
A57_v3_cortex_ambiance.wav,CORTEX,AMBIANCE,12.828,ambiance opacité fin V6 Cortex ambiance.wav,2072.19,2085.018,,,,
A58_v3_cortex_ambiance.wav,CORTEX,AMBIANCE,20.61,ambiance opacité fin V6 Cortex ambiance.wav,2091.261,2111.871,,,,
A59_v3_cortex_ambiance.wav,CORTEX,AMBIANCE,59.736,ambiance opacité fin V6 Cortex ambiance.wav,2119.989,2179.725,,,,
A60_v3_cortex_ambiance.wav,CORTEX,AMBIANCE,15.995,ambiance opacité fin V6 Cortex ambiance.wav,2181.598,2197.593,,,,
A61_v3_cortex_ambiance.wav,CORTEX,AMBIANCE,50.411,ambiance opacité fin V6 Cortex ambiance.wav,2220.385,2270.796,,,,
A62_v3_cortex_ambiance.wav,CORTEX,AMBIANCE,36.673,ambiance opacité fin V6 Cortex ambiance.wav,2280.11,2316.784,,,,
A63_v3_cortex_ambiance.wav,CORTEX,AMBIANCE,90.762,ambiance opacité fin V6 Cortex ambiance.wav,2336.595,2427.357,,,,
A64_v3_cortex_ambiance.wav,CORTEX,AMBIANCE,62.677,ambiance opacité fin V6 Cortex ambiance.wav,2464.352,2527.029,,,,
A65_v3_cortex_ambiance.wav,CORTEX,AMBIANCE,41.63,ambiance opacité fin V6 Cortex ambiance.wav,2580.327,2621.956,,,,
A66_v3_cortex_ambiance.wav,CORTEX,AMBIANCE,59.838,ambiance opacité fin V6 Cortex ambiance.wav,2639.981,2699.819,,,,
A67_v3_cortex_ambiance.wav,CORTEX,AMBIANCE,59.829,ambiance opacité fin V6 Cortex ambiance.wav,2715.981,2775.81,,,,
A68_v3_cortex_ambiance.wav,CORTEX,AMBIANCE,59.641,ambiance opacité fin V6 Cortex ambiance.wav,2780.35,2839.991,,,,
A69_v3_cortex_ambiance.wav,CORTEX,AMBIANCE,14.909,ambiance opacité fin V6 Cortex ambiance.wav,2879.985,2894.894,,,,
C001_v3_cortex.wav,CORTEX,LONG_MOYEN,16.454,ambiance opacité fin V6 Cortex.wav,0.0,16.454,,,,
C002_v3_cortex.wav,CORTEX,FRAGMENTS,1.996,ambiance opacité fin V6 Cortex.wav,36.134,38.129,,,,
C003_v3_cortex.wav,CORTEX,FRAGMENTS,5.276,ambiance opacité fin V6 Cortex.wav,40.044,45.32,,,,
C004_v3_cortex.wav,CORTEX,FRAGMENTS,0.996,ambiance opacité fin V6 Cortex.wav,61.086,62.082,,,,
C005_v3_cortex.wav,CORTEX,FRAGMENTS,0.965,ambiance opacité fin V6 Cortex.wav,82.502,83.467,,,,
C006_v3_cortex.wav,CORTEX,FRAGMENTS,11.39,ambiance opacité fin V6 Cortex.wav,124.839,136.229,,,,
C007_v3_cortex.wav,CORTEX,FRAGMENTS,0.684,ambiance opacité fin V6 Cortex.wav,137.636,138.321,,,,
C008_v3_cortex.wav,CORTEX,FRAGMENTS,5.264,ambiance opacité fin V6 Cortex.wav,140.602,145.866,,,,
C009_v3_cortex.wav,CORTEX,FRAGMENTS,1.799,ambiance opacité fin V6 Cortex.wav,147.783,149.582,,,,
C010_v3_cortex.wav,CORTEX,FRAGMENTS,2.808,ambiance opacité fin V6 Cortex.wav,156.316,159.124,,,,
C011_v3_cortex.wav,CORTEX,LONG_MOYEN,14.536,ambiance opacité fin V6 Cortex.wav,161.079,175.615,,,,
C012_v3_cortex.wav,CORTEX,FRAGMENTS,2.454,ambiance opacité fin V6 Cortex.wav,176.719,179.173,,,,
C013_v3_cortex.wav,CORTEX,FRAGMENTS,10.03,ambiance opacité fin V6 Cortex.wav,183.987,194.016,,,,
C014_v3_cortex.wav,CORTEX,FRAGMENTS,8.524,ambiance opacité fin V6 Cortex.wav,196.158,204.682,,,,
C015_v3_cortex.wav,CORTEX,LONG_MOYEN,17.465,ambiance opacité fin V6 Cortex.wav,208.247,225.712,,,,
C016_v3_cortex.wav,CORTEX,FRAGMENTS,10.345,ambiance opacité fin V6 Cortex.wav,229.991,240.336,,,,
C017_v3_cortex.wav,CORTEX,FRAGMENTS,6.956,ambiance opacité fin V6 Cortex.wav,242.001,248.957,,,,
C018_v3_cortex.wav,CORTEX,FRAGMENTS,8.027,ambiance opacité fin V6 Cortex.wav,249.981,258.008,,,,
C019_v3_cortex.wav,CORTEX,FRAGMENTS,8.073,ambiance opacité fin V6 Cortex.wav,259.985,268.058,,,,
C020_v3_cortex.wav,CORTEX,LONG_MOYEN,21.897,ambiance opacité fin V6 Cortex.wav,269.983,291.881,,,,
C021_v3_cortex.wav,CORTEX,FRAGMENTS,11.967,ambiance opacité fin V6 Cortex.wav,295.981,307.948,,,,
C022_v3_cortex.wav,CORTEX,LONG_MOYEN,23.289,ambiance opacité fin V6 Cortex.wav,316.004,339.293,,,,
C023_v3_cortex.wav,CORTEX,LONG_MOYEN,23.874,ambiance opacité fin V6 Cortex.wav,344.06,367.934,,,,
C024_v3_cortex.wav,CORTEX,LONG_MOYEN,21.779,ambiance opacité fin V6 Cortex.wav,372.141,393.92,,,,
C025_v3_cortex.wav,CORTEX,FRAGMENTS,8.887,ambiance opacité fin V6 Cortex.wav,394.982,403.869,,,,
C026_v3_cortex.wav,CORTEX,FRAGMENTS,8.906,ambiance opacité fin V6 Cortex.wav,416.017,424.923,,,,
C027_v3_cortex.wav,CORTEX,FRAGMENTS,8.79,ambiance opacité fin V6 Cortex.wav,451.981,460.77,,,,
C028_v3_cortex.wav,CORTEX,LONG_MOYEN,26.739,ambiance opacité fin V6 Cortex.wav,463.983,490.722,,,,
C029_v3_cortex.wav,CORTEX,LONG_MOYEN,15.538,ambiance opacité fin V6 Cortex.wav,491.98,507.518,,,,
C030_v3_cortex.wav,CORTEX,LONG_MOYEN,21.736,ambiance opacité fin V6 Cortex.wav,508.732,530.469,,,,
C031_v3_cortex.wav,CORTEX,LONG_MOYEN,15.787,ambiance opacité fin V6 Cortex.wav,534.982,550.769,,,,
C032_v3_cortex.wav,CORTEX,LONG_MOYEN,16.395,ambiance opacité fin V6 Cortex.wav,554.983,571.377,,,,
C033_v3_cortex.wav,CORTEX,LONG_MOYEN,16.413,ambiance opacité fin V6 Cortex.wav,573.043,589.456,,,,
C034_v3_cortex.wav,CORTEX,FRAGMENTS,12.101,ambiance opacité fin V6 Cortex.wav,596.043,608.143,,,,
C035_v3_cortex.wav,CORTEX,FRAGMENTS,4.143,ambiance opacité fin V6 Cortex.wav,615.981,620.123,,,,
C036_v3_cortex.wav,CORTEX,FRAGMENTS,9.928,ambiance opacité fin V6 Cortex.wav,621.981,631.909,,,,
C037_v3_cortex.wav,CORTEX,FRAGMENTS,9.968,ambiance opacité fin V6 Cortex.wav,633.045,643.013,,,,
C038_v3_cortex.wav,CORTEX,FRAGMENTS,9.389,ambiance opacité fin V6 Cortex.wav,647.987,657.375,,,,
C039_v3_cortex.wav,CORTEX,FRAGMENTS,2.284,ambiance opacité fin V6 Cortex.wav,663.484,665.768,,,,
C040_v3_cortex.wav,CORTEX,FRAGMENTS,6.48,ambiance opacité fin V6 Cortex.wav,675.039,681.519,,,,
C041_v3_cortex.wav,CORTEX,FRAGMENTS,7.775,ambiance opacité fin V6 Cortex.wav,682.606,690.382,,,,
C042_v3_cortex.wav,CORTEX,FRAGMENTS,10.935,ambiance opacité fin V6 Cortex.wav,699.482,710.416,,,,
C043_v3_cortex.wav,CORTEX,FRAGMENTS,4.83,ambiance opacité fin V6 Cortex.wav,717.241,722.07,,,,
C044_v3_cortex.wav,CORTEX,FRAGMENTS,10.003,ambiance opacité fin V6 Cortex.wav,735.231,745.234,,,,
C045_v3_cortex.wav,CORTEX,FRAGMENTS,12.797,ambiance opacité fin V6 Cortex.wav,766.551,779.348,,,,
C046_v3_cortex.wav,CORTEX,LONG_MOYEN,17.617,ambiance opacité fin V6 Cortex.wav,781.896,799.513,,,,
C047_v3_cortex.wav,CORTEX,FRAGMENTS,10.499,ambiance opacité fin V6 Cortex.wav,808.019,818.518,,,,
C048_v3_cortex.wav,CORTEX,FRAGMENTS,7.421,ambiance opacité fin V6 Cortex.wav,832.016,839.437,,,,
C049_v3_cortex.wav,CORTEX,LONG_MOYEN,16.008,ambiance opacité fin V6 Cortex.wav,847.982,863.99,,,,
C050_v3_cortex.wav,CORTEX,LONG_MOYEN,19.979,ambiance opacité fin V6 Cortex.wav,879.997,899.976,,,,
C051_v3_cortex.wav,CORTEX,FRAGMENTS,11.055,ambiance opacité fin V6 Cortex.wav,903.981,915.036,,,,
C052_v3_cortex.wav,CORTEX,LONG_MOYEN,28.343,ambiance opacité fin V6 Cortex.wav,944.318,972.661,,,,
C053_v3_cortex.wav,CORTEX,LONG_MOYEN,13.738,ambiance opacité fin V6 Cortex.wav,983.981,997.72,,,,
C054_v3_cortex.wav,CORTEX,LONG_MOYEN,23.84,ambiance opacité fin V6 Cortex.wav,1008.165,1032.005,,,,
C055_v3_cortex.wav,CORTEX,LONG_MOYEN,17.037,ambiance opacité fin V6 Cortex.wav,1049.981,1067.018,,,,
C056_v3_cortex.wav,CORTEX,FRAGMENTS,7.704,ambiance opacité fin V6 Cortex.wav,1071.996,1079.7,,,,
C057_v3_cortex.wav,CORTEX,LONG_MOYEN,20.258,ambiance opacité fin V6 Cortex.wav,1081.985,1102.242,,,,
C058_v3_cortex.wav,CORTEX,LONG_MOYEN,15.536,ambiance opacité fin V6 Cortex.wav,1133.981,1149.518,,,,
C059_v3_cortex.wav,CORTEX,LONG_MOYEN,15.215,ambiance opacité fin V6 Cortex.wav,1158.009,1173.224,,,,
C060_v3_cortex.wav,CORTEX,FRAGMENTS,4.94,ambiance opacité fin V6 Cortex.wav,1176.027,1180.967,,,,
C061_v3_cortex.wav,CORTEX,FRAGMENTS,11.491,ambiance opacité fin V6 Cortex.wav,1195.517,1207.008,,,,
C062_v3_cortex.wav,CORTEX,FRAGMENTS,6.469,ambiance opacité fin V6 Cortex.wav,1220.048,1226.518,,,,
C063_v3_cortex.wav,CORTEX,LONG_MOYEN,15.662,ambiance opacité fin V6 Cortex.wav,1231.98,1247.642,,,,
C064_v3_cortex.wav,CORTEX,FRAGMENTS,10.818,ambiance opacité fin V6 Cortex.wav,1255.997,1266.815,,,,
C065_v3_cortex.wav,CORTEX,FRAGMENTS,7.659,ambiance opacité fin V6 Cortex.wav,1268.483,1276.143,,,,
C066_v3_cortex.wav,CORTEX,LONG_MOYEN,14.151,ambiance opacité fin V6 Cortex.wav,1279.991,1294.142,,,,
C067_v3_cortex.wav,CORTEX,LONG_MOYEN,15.747,ambiance opacité fin V6 Cortex.wav,1304.184,1319.931,,,,
C068_v3_cortex.wav,CORTEX,LONG_MOYEN,26.288,ambiance opacité fin V6 Cortex.wav,1338.063,1364.351,,,,
C069_v3_cortex.wav,CORTEX,LONG_MOYEN,17.536,ambiance opacité fin V6 Cortex.wav,1371.981,1389.517,,,,
C070_v3_cortex.wav,CORTEX,LONG_MOYEN,13.05,ambiance opacité fin V6 Cortex.wav,1405.482,1418.532,,,,
C071_v3_cortex.wav,CORTEX,FRAGMENTS,7.632,ambiance opacité fin V6 Cortex.wav,1425.76,1433.392,,,,
C072_v3_cortex.wav,CORTEX,LONG_MOYEN,16.036,ambiance opacité fin V6 Cortex.wav,1435.983,1452.019,,,,
C073_v3_cortex.wav,CORTEX,LONG_MOYEN,16.499,ambiance opacité fin V6 Cortex.wav,1456.016,1472.516,,,,
C074_v3_cortex.wav,CORTEX,FRAGMENTS,10.417,ambiance opacité fin V6 Cortex.wav,1476.033,1486.45,,,,
C075_v3_cortex.wav,CORTEX,FRAGMENTS,8.401,ambiance opacité fin V6 Cortex.wav,1491.992,1500.393,,,,
C076_v3_cortex.wav,CORTEX,LONG_MOYEN,15.159,ambiance opacité fin V6 Cortex.wav,1503.982,1519.141,,,,
C077_v3_cortex.wav,CORTEX,LONG_MOYEN,14.788,ambiance opacité fin V6 Cortex.wav,1520.981,1535.769,,,,
C078_v3_cortex.wav,CORTEX,LONG_MOYEN,21.817,ambiance opacité fin V6 Cortex.wav,1552.054,1573.871,,,,
C079_v3_cortex.wav,CORTEX,LONG_MOYEN,21.759,ambiance opacité fin V6 Cortex.wav,1600.004,1621.764,,,,
C080_v3_cortex.wav,CORTEX,LONG_MOYEN,23.637,ambiance opacité fin V6 Cortex.wav,1632.07,1655.707,,,,
C081_v3_cortex.wav,CORTEX,FRAGMENTS,11.91,ambiance opacité fin V6 Cortex.wav,1663.982,1675.892,,,,
C082_v3_cortex.wav,CORTEX,LONG_MOYEN,16.745,ambiance opacité fin V6 Cortex.wav,1680.013,1696.758,,,,
C083_v3_cortex.wav,CORTEX,FRAGMENTS,7.553,ambiance opacité fin V6 Cortex.wav,1711.988,1719.541,,,,
C084_v3_cortex.wav,CORTEX,LONG_MOYEN,18.029,ambiance opacité fin V6 Cortex.wav,1723.981,1742.01,,,,
C085_v3_cortex.wav,CORTEX,LONG_MOYEN,15.286,ambiance opacité fin V6 Cortex.wav,1760.002,1775.288,,,,
C086_v3_cortex.wav,CORTEX,LONG_MOYEN,14.486,ambiance opacité fin V6 Cortex.wav,1783.982,1798.468,,,,
C087_v3_cortex.wav,CORTEX,LONG_MOYEN,31.891,ambiance opacité fin V6 Cortex.wav,1807.98,1839.871,,,,
C088_v3_cortex.wav,CORTEX,FRAGMENTS,11.081,ambiance opacité fin V6 Cortex.wav,1848.001,1859.082,,,,
C089_v3_cortex.wav,CORTEX,FRAGMENTS,8.911,ambiance opacité fin V6 Cortex.wav,1863.981,1872.892,,,,
C090_v3_cortex.wav,CORTEX,LONG_MOYEN,26.739,ambiance opacité fin V6 Cortex.wav,1919.983,1946.722,,,,
H001_v3_hippocampe.wav,HIPPOCAMPE,FRAGMENTS,0.766,ambiance opacité fin V6 Hippocampe.wav,0.0,0.766,,,,
H002_v3_hippocampe.wav,HIPPOCAMPE,FRAGMENTS,4.58,ambiance opacité fin V6 Hippocampe.wav,4.981,9.561,,,,
H003_v3_hippocampe.wav,HIPPOCAMPE,FRAGMENTS,4.365,ambiance opacité fin V6 Hippocampe.wav,11.731,16.096,,,,
H004_v3_hippocampe.wav,HIPPOCAMPE,FRAGMENTS,1.067,ambiance opacité fin V6 Hippocampe.wav,17.992,19.059,,,,
H005_v3_hippocampe.wav,HIPPOCAMPE,FRAGMENTS,3.223,ambiance opacité fin V6 Hippocampe.wav,21.983,25.206,,,,
H006_v3_hippocampe.wav,HIPPOCAMPE,FRAGMENTS,8.036,ambiance opacité fin V6 Hippocampe.wav,29.981,38.017,,,,
H007_v3_hippocampe.wav,HIPPOCAMPE,FRAGMENTS,1.153,ambiance opacité fin V6 Hippocampe.wav,39.982,41.135,,,,
H008_v3_hippocampe.wav,HIPPOCAMPE,FRAGMENTS,9.875,ambiance opacité fin V6 Hippocampe.wav,48.009,57.884,,,,
H009_v3_hippocampe.wav,HIPPOCAMPE,FRAGMENTS,8.852,ambiance opacité fin V6 Hippocampe.wav,58.734,67.585,,,,
H010_v3_hippocampe.wav,HIPPOCAMPE,FRAGMENTS,6.852,ambiance opacité fin V6 Hippocampe.wav,69.031,75.883,,,,
H011_v3_hippocampe.wav,HIPPOCAMPE,FRAGMENTS,10.452,ambiance opacité fin V6 Hippocampe.wav,76.892,87.344,,,,
H012_v3_hippocampe.wav,HIPPOCAMPE,FRAGMENTS,2.041,ambiance opacité fin V6 Hippocampe.wav,92.009,94.05,,,,
H013_v3_hippocampe.wav,HIPPOCAMPE,FRAGMENTS,1.533,ambiance opacité fin V6 Hippocampe.wav,96.362,97.895,,,,
H014_v3_hippocampe.wav,HIPPOCAMPE,FRAGMENTS,5.118,ambiance opacité fin V6 Hippocampe.wav,101.641,106.759,,,,
H015_v3_hippocampe.wav,HIPPOCAMPE,FRAGMENTS,4.801,ambiance opacité fin V6 Hippocampe.wav,112.134,116.935,,,,
H016_v3_hippocampe.wav,HIPPOCAMPE,FRAGMENTS,4.408,ambiance opacité fin V6 Hippocampe.wav,121.239,125.647,,,,
H017_v3_hippocampe.wav,HIPPOCAMPE,FRAGMENTS,2.176,ambiance opacité fin V6 Hippocampe.wav,129.963,132.139,,,,
H018_v3_hippocampe.wav,HIPPOCAMPE,FRAGMENTS,2.13,ambiance opacité fin V6 Hippocampe.wav,138.621,140.752,,,,
H019_v3_hippocampe.wav,HIPPOCAMPE,FRAGMENTS,11.183,ambiance opacité fin V6 Hippocampe.wav,142.779,153.962,,,,
H020_v3_hippocampe.wav,HIPPOCAMPE,FRAGMENTS,1.424,ambiance opacité fin V6 Hippocampe.wav,155.133,156.557,,,,
H021_v3_hippocampe.wav,HIPPOCAMPE,FRAGMENTS,12.809,ambiance opacité fin V6 Hippocampe.wav,157.429,170.238,,,,
H022_v3_hippocampe.wav,HIPPOCAMPE,FRAGMENTS,3.909,ambiance opacité fin V6 Hippocampe.wav,172.104,176.013,,,,
H023_v3_hippocampe.wav,HIPPOCAMPE,FRAGMENTS,1.352,ambiance opacité fin V6 Hippocampe.wav,179.986,181.339,,,,
H024_v3_hippocampe.wav,HIPPOCAMPE,FRAGMENTS,0.952,ambiance opacité fin V6 Hippocampe.wav,187.107,188.059,,,,
H025_v3_hippocampe.wav,HIPPOCAMPE,FRAGMENTS,3.264,ambiance opacité fin V6 Hippocampe.wav,189.984,193.248,,,,
H026_v3_hippocampe.wav,HIPPOCAMPE,FRAGMENTS,0.912,ambiance opacité fin V6 Hippocampe.wav,196.061,196.973,,,,
H027_v3_hippocampe.wav,HIPPOCAMPE,FRAGMENTS,4.608,ambiance opacité fin V6 Hippocampe.wav,199.046,203.654,,,,
H028_v3_hippocampe.wav,HIPPOCAMPE,FRAGMENTS,9.441,ambiance opacité fin V6 Hippocampe.wav,212.68,222.12,,,,
H029_v3_hippocampe.wav,HIPPOCAMPE,FRAGMENTS,2.03,ambiance opacité fin V6 Hippocampe.wav,223.98,226.01,,,,
H030_v3_hippocampe.wav,HIPPOCAMPE,FRAGMENTS,4.999,ambiance opacité fin V6 Hippocampe.wav,232.002,237.0,,,,
H031_v3_hippocampe.wav,HIPPOCAMPE,FRAGMENTS,2.475,ambiance opacité fin V6 Hippocampe.wav,239.988,242.463,,,,
H032_v3_hippocampe.wav,HIPPOCAMPE,FRAGMENTS,7.334,ambiance opacité fin V6 Hippocampe.wav,250.932,258.266,,,,
H033_v3_hippocampe.wav,HIPPOCAMPE,FRAGMENTS,4.455,ambiance opacité fin V6 Hippocampe.wav,260.035,264.49,,,,
H034_v3_hippocampe.wav,HIPPOCAMPE,FRAGMENTS,2.148,ambiance opacité fin V6 Hippocampe.wav,268.169,270.317,,,,
H035_v3_hippocampe.wav,HIPPOCAMPE,LONG_MOYEN,18.107,ambiance opacité fin V6 Hippocampe.wav,274.3,292.407,,,,
H036_v3_hippocampe.wav,HIPPOCAMPE,LONG_MOYEN,15.777,ambiance opacité fin V6 Hippocampe.wav,305.992,321.769,,,,
H037_v3_hippocampe.wav,HIPPOCAMPE,FRAGMENTS,10.193,ambiance opacité fin V6 Hippocampe.wav,327.993,338.186,,,,
H038_v3_hippocampe.wav,HIPPOCAMPE,LONG_MOYEN,21.635,ambiance opacité fin V6 Hippocampe.wav,409.982,431.617,,,,
H039_v3_hippocampe.wav,HIPPOCAMPE,FRAGMENTS,5.889,ambiance opacité fin V6 Hippocampe.wav,461.98,467.869,,,,
H040_v3_hippocampe.wav,HIPPOCAMPE,FRAGMENTS,5.402,ambiance opacité fin V6 Hippocampe.wav,488.084,493.486,,,,
H041_v3_hippocampe.wav,HIPPOCAMPE,FRAGMENTS,8.145,ambiance opacité fin V6 Hippocampe.wav,496.001,504.147,,,,
H042_v3_hippocampe.wav,HIPPOCAMPE,FRAGMENTS,3.32,ambiance opacité fin V6 Hippocampe.wav,505.046,508.366,,,,
H043_v3_hippocampe.wav,HIPPOCAMPE,FRAGMENTS,11.87,ambiance opacité fin V6 Hippocampe.wav,577.315,589.185,,,,
H044_v3_hippocampe.wav,HIPPOCAMPE,FRAGMENTS,4.029,ambiance opacité fin V6 Hippocampe.wav,599.985,604.014,,,,
H045_v3_hippocampe.wav,HIPPOCAMPE,FRAGMENTS,8.572,ambiance opacité fin V6 Hippocampe.wav,611.983,620.555,,,,
H046_v3_hippocampe.wav,HIPPOCAMPE,FRAGMENTS,12.39,ambiance opacité fin V6 Hippocampe.wav,652.541,664.931,,,,
H047_v3_hippocampe.wav,HIPPOCAMPE,FRAGMENTS,4.084,ambiance opacité fin V6 Hippocampe.wav,685.982,690.066,,,,
H048_v3_hippocampe.wav,HIPPOCAMPE,FRAGMENTS,8.787,ambiance opacité fin V6 Hippocampe.wav,691.981,700.769,,,,
H049_v3_hippocampe.wav,HIPPOCAMPE,FRAGMENTS,3.197,ambiance opacité fin V6 Hippocampe.wav,708.485,711.682,,,,
H050_v3_hippocampe.wav,HIPPOCAMPE,LONG_MOYEN,18.453,ambiance opacité fin V6 Hippocampe.wav,717.98,736.433,,,,
H051_v3_hippocampe.wav,HIPPOCAMPE,FRAGMENTS,11.787,ambiance opacité fin V6 Hippocampe.wav,737.98,749.768,,,,
H052_v3_hippocampe.wav,HIPPOCAMPE,FRAGMENTS,9.282,ambiance opacité fin V6 Hippocampe.wav,751.985,761.268,,,,
H053_v3_hippocampe.wav,HIPPOCAMPE,FRAGMENTS,11.643,ambiance opacité fin V6 Hippocampe.wav,775.017,786.66,,,,
H054_v3_hippocampe.wav,HIPPOCAMPE,FRAGMENTS,9.789,ambiance opacité fin V6 Hippocampe.wav,809.99,819.779,,,,
H055_v3_hippocampe.wav,HIPPOCAMPE,FRAGMENTS,7.472,ambiance opacité fin V6 Hippocampe.wav,827.033,834.505,,,,
H056_v3_hippocampe.wav,HIPPOCAMPE,FRAGMENTS,4.913,ambiance opacité fin V6 Hippocampe.wav,849.981,854.894,,,,
H057_v3_hippocampe.wav,HIPPOCAMPE,FRAGMENTS,7.026,ambiance opacité fin V6 Hippocampe.wav,905.536,912.562,,,,
H058_v3_hippocampe.wav,HIPPOCAMPE,FRAGMENTS,7.957,ambiance opacité fin V6 Hippocampe.wav,934.982,942.94,,,,
H059_v3_hippocampe.wav,HIPPOCAMPE,FRAGMENTS,3.974,ambiance opacité fin V6 Hippocampe.wav,957.982,961.956,,,,
H060_v3_hippocampe.wav,HIPPOCAMPE,FRAGMENTS,6.205,ambiance opacité fin V6 Hippocampe.wav,970.023,976.227,,,,
H061_v3_hippocampe.wav,HIPPOCAMPE,FRAGMENTS,7.592,ambiance opacité fin V6 Hippocampe.wav,976.988,984.581,,,,
H062_v3_hippocampe.wav,HIPPOCAMPE,LONG_MOYEN,18.597,ambiance opacité fin V6 Hippocampe.wav,993.981,1012.578,,,,
H063_v3_hippocampe.wav,HIPPOCAMPE,FRAGMENTS,9.78,ambiance opacité fin V6 Hippocampe.wav,1025.987,1035.767,,,,
H064_v3_hippocampe.wav,HIPPOCAMPE,FRAGMENTS,2.384,ambiance opacité fin V6 Hippocampe.wav,1039.981,1042.365,,,,
H065_v3_hippocampe.wav,HIPPOCAMPE,FRAGMENTS,2.902,ambiance opacité fin V6 Hippocampe.wav,1057.982,1060.884,,,,
H066_v3_hippocampe.wav,HIPPOCAMPE,FRAGMENTS,12.021,ambiance opacité fin V6 Hippocampe.wav,1090.335,1102.356,,,,
H067_v3_hippocampe.wav,HIPPOCAMPE,LONG_MOYEN,19.754,ambiance opacité fin V6 Hippocampe.wav,1193.98,1213.734,,,,
H068_v3_hippocampe.wav,HIPPOCAMPE,FRAGMENTS,5.643,ambiance opacité fin V6 Hippocampe.wav,1233.999,1239.642,,,,
H069_v3_hippocampe.wav,HIPPOCAMPE,FRAGMENTS,2.418,ambiance opacité fin V6 Hippocampe.wav,1241.986,1244.404,,,,
H070_v3_hippocampe.wav,HIPPOCAMPE,FRAGMENTS,3.854,ambiance opacité fin V6 Hippocampe.wav,1252.982,1256.836,,,,
H071_v3_hippocampe.wav,HIPPOCAMPE,FRAGMENTS,7.042,ambiance opacité fin V6 Hippocampe.wav,1257.99,1265.031,,,,
H072_v3_hippocampe.wav,HIPPOCAMPE,FRAGMENTS,9.966,ambiance opacité fin V6 Hippocampe.wav,1265.981,1275.946,,,,
H073_v3_hippocampe.wav,HIPPOCAMPE,FRAGMENTS,9.475,ambiance opacité fin V6 Hippocampe.wav,1278.038,1287.513,,,,
H074_v3_hippocampe.wav,HIPPOCAMPE,FRAGMENTS,3.815,ambiance opacité fin V6 Hippocampe.wav,1288.573,1292.388,,,,
H075_v3_hippocampe.wav,HIPPOCAMPE,LONG_MOYEN,17.484,ambiance opacité fin V6 Hippocampe.wav,1294.148,1311.632,,,,
H076_v3_hippocampe.wav,HIPPOCAMPE,FRAGMENTS,4.801,ambiance opacité fin V6 Hippocampe.wav,1313.987,1318.788,,,,
H077_v3_hippocampe.wav,HIPPOCAMPE,LONG_MOYEN,20.488,ambiance opacité fin V6 Hippocampe.wav,1319.986,1340.474,,,,
H078_v3_hippocampe.wav,HIPPOCAMPE,LONG_MOYEN,17.786,ambiance opacité fin V6 Hippocampe.wav,1345.982,1363.768,,,,
H079_v3_hippocampe.wav,HIPPOCAMPE,LONG_MOYEN,14.321,ambiance opacité fin V6 Hippocampe.wav,1368.044,1382.365,,,,
R001_v3_reconstruction.wav,RECONSTRUCTION,FRAGMENTS,1.988,ambiance opacité fin V6 Reconstruction.wav,0.0,1.988,,,,
R002_v3_reconstruction.wav,RECONSTRUCTION,FRAGMENTS,2.502,ambiance opacité fin V6 Reconstruction.wav,2.504,5.006,,,,
R003_v3_reconstruction.wav,RECONSTRUCTION,FRAGMENTS,1.708,ambiance opacité fin V6 Reconstruction.wav,5.556,7.264,,,,
R004_v3_reconstruction.wav,RECONSTRUCTION,FRAGMENTS,0.618,ambiance opacité fin V6 Reconstruction.wav,7.99,8.608,,,,
R005_v3_reconstruction.wav,RECONSTRUCTION,FRAGMENTS,1.155,ambiance opacité fin V6 Reconstruction.wav,9.989,11.144,,,,
R006_v3_reconstruction.wav,RECONSTRUCTION,FRAGMENTS,1.157,ambiance opacité fin V6 Reconstruction.wav,12.983,14.141,,,,
R007_v3_reconstruction.wav,RECONSTRUCTION,FRAGMENTS,1.256,ambiance opacité fin V6 Reconstruction.wav,14.983,16.238,,,,
R008_v3_reconstruction.wav,RECONSTRUCTION,FRAGMENTS,0.728,ambiance opacité fin V6 Reconstruction.wav,20.012,20.741,,,,
R009_v3_reconstruction.wav,RECONSTRUCTION,FRAGMENTS,0.871,ambiance opacité fin V6 Reconstruction.wav,21.441,22.312,,,,
R010_v3_reconstruction.wav,RECONSTRUCTION,FRAGMENTS,0.778,ambiance opacité fin V6 Reconstruction.wav,24.004,24.783,,,,
R011_v3_reconstruction.wav,RECONSTRUCTION,FRAGMENTS,1.168,ambiance opacité fin V6 Reconstruction.wav,26.483,27.651,,,,
R012_v3_reconstruction.wav,RECONSTRUCTION,FRAGMENTS,4.049,ambiance opacité fin V6 Reconstruction.wav,31.983,36.032,,,,
R013_v3_reconstruction.wav,RECONSTRUCTION,FRAGMENTS,11.775,ambiance opacité fin V6 Reconstruction.wav,39.983,51.758,,,,
R014_v3_reconstruction.wav,RECONSTRUCTION,FRAGMENTS,1.562,ambiance opacité fin V6 Reconstruction.wav,55.525,57.087,,,,
R015_v3_reconstruction.wav,RECONSTRUCTION,FRAGMENTS,0.866,ambiance opacité fin V6 Reconstruction.wav,59.984,60.85,,,,
R016_v3_reconstruction.wav,RECONSTRUCTION,FRAGMENTS,0.877,ambiance opacité fin V6 Reconstruction.wav,61.856,62.733,,,,
R017_v3_reconstruction.wav,RECONSTRUCTION,FRAGMENTS,6.56,ambiance opacité fin V6 Reconstruction.wav,63.982,70.542,,,,
R018_v3_reconstruction.wav,RECONSTRUCTION,FRAGMENTS,0.851,ambiance opacité fin V6 Reconstruction.wav,73.98,74.832,,,,
R019_v3_reconstruction.wav,RECONSTRUCTION,FRAGMENTS,2.502,ambiance opacité fin V6 Reconstruction.wav,80.022,82.525,,,,
R020_v3_reconstruction.wav,RECONSTRUCTION,FRAGMENTS,2.148,ambiance opacité fin V6 Reconstruction.wav,87.232,89.38,,,,
R021_v3_reconstruction.wav,RECONSTRUCTION,FRAGMENTS,1.21,ambiance opacité fin V6 Reconstruction.wav,93.482,94.691,,,,
R022_v3_reconstruction.wav,RECONSTRUCTION,FRAGMENTS,2.714,ambiance opacité fin V6 Reconstruction.wav,96.045,98.759,,,,
R023_v3_reconstruction.wav,RECONSTRUCTION,FRAGMENTS,1.032,ambiance opacité fin V6 Reconstruction.wav,105.987,107.019,,,,
R024_v3_reconstruction.wav,RECONSTRUCTION,FRAGMENTS,0.789,ambiance opacité fin V6 Reconstruction.wav,113.981,114.77,,,,
R025_v3_reconstruction.wav,RECONSTRUCTION,FRAGMENTS,1.286,ambiance opacité fin V6 Reconstruction.wav,120.483,121.769,,,,
R026_v3_reconstruction.wav,RECONSTRUCTION,FRAGMENTS,0.851,ambiance opacité fin V6 Reconstruction.wav,127.981,128.832,,,,
R027_v3_reconstruction.wav,RECONSTRUCTION,FRAGMENTS,1.035,ambiance opacité fin V6 Reconstruction.wav,146.087,147.122,,,,
R028_v3_reconstruction.wav,RECONSTRUCTION,FRAGMENTS,0.882,ambiance opacité fin V6 Reconstruction.wav,159.287,160.169,,,,
R029_v3_reconstruction.wav,RECONSTRUCTION,FRAGMENTS,0.502,ambiance opacité fin V6 Reconstruction.wav,163.231,163.733,,,,
R030_v3_reconstruction.wav,RECONSTRUCTION,FRAGMENTS,0.731,ambiance opacité fin V6 Reconstruction.wav,165.499,166.23,,,,
R031_v3_reconstruction.wav,RECONSTRUCTION,FRAGMENTS,2.2,ambiance opacité fin V6 Reconstruction.wav,167.358,169.559,,,,
R032_v3_reconstruction.wav,RECONSTRUCTION,FRAGMENTS,1.692,ambiance opacité fin V6 Reconstruction.wav,171.006,172.697,,,,
R033_v3_reconstruction.wav,RECONSTRUCTION,FRAGMENTS,1.284,ambiance opacité fin V6 Reconstruction.wav,174.234,175.519,,,,
R034_v3_reconstruction.wav,RECONSTRUCTION,FRAGMENTS,1.835,ambiance opacité fin V6 Reconstruction.wav,176.167,178.003,,,,
R035_v3_reconstruction.wav,RECONSTRUCTION,FRAGMENTS,0.912,ambiance opacité fin V6 Reconstruction.wav,179.981,180.893,,,,
R036_v3_reconstruction.wav,RECONSTRUCTION,FRAGMENTS,0.989,ambiance opacité fin V6 Reconstruction.wav,181.734,182.723,,,,
R037_v3_reconstruction.wav,RECONSTRUCTION,FRAGMENTS,1.163,ambiance opacité fin V6 Reconstruction.wav,184.481,185.644,,,,
R038_v3_reconstruction.wav,RECONSTRUCTION,FRAGMENTS,1.337,ambiance opacité fin V6 Reconstruction.wav,186.481,187.818,,,,
R039_v3_reconstruction.wav,RECONSTRUCTION,FRAGMENTS,1.887,ambiance opacité fin V6 Reconstruction.wav,213.107,214.994,,,,
R040_v3_reconstruction.wav,RECONSTRUCTION,FRAGMENTS,1.081,ambiance opacité fin V6 Reconstruction.wav,225.504,226.585,,,,
R041_v3_reconstruction.wav,RECONSTRUCTION,FRAGMENTS,1.278,ambiance opacité fin V6 Reconstruction.wav,227.982,229.26,,,,
R042_v3_reconstruction.wav,RECONSTRUCTION,FRAGMENTS,0.899,ambiance opacité fin V6 Reconstruction.wav,231.982,232.882,,,,
R043_v3_reconstruction.wav,RECONSTRUCTION,FRAGMENTS,0.938,ambiance opacité fin V6 Reconstruction.wav,238.481,239.419,,,,
R044_v3_reconstruction.wav,RECONSTRUCTION,FRAGMENTS,1.107,ambiance opacité fin V6 Reconstruction.wav,249.039,250.146,,,,
R045_v3_reconstruction.wav,RECONSTRUCTION,FRAGMENTS,1.289,ambiance opacité fin V6 Reconstruction.wav,251.607,252.896,,,,
R046_v3_reconstruction.wav,RECONSTRUCTION,FRAGMENTS,1.765,ambiance opacité fin V6 Reconstruction.wav,299.982,301.746,,,,
R047_v3_reconstruction.wav,RECONSTRUCTION,FRAGMENTS,1.043,ambiance opacité fin V6 Reconstruction.wav,349.051,350.094,,,,
R048_v3_reconstruction.wav,RECONSTRUCTION,FRAGMENTS,0.958,ambiance opacité fin V6 Reconstruction.wav,352.129,353.088,,,,
R049_v3_reconstruction.wav,RECONSTRUCTION,FRAGMENTS,1.91,ambiance opacité fin V6 Reconstruction.wav,354.131,356.041,,,,
R050_v3_reconstruction.wav,RECONSTRUCTION,FRAGMENTS,0.847,ambiance opacité fin V6 Reconstruction.wav,372.005,372.851,,,,
R051_v3_reconstruction.wav,RECONSTRUCTION,FRAGMENTS,0.973,ambiance opacité fin V6 Reconstruction.wav,377.482,378.456,,,,
R052_v3_reconstruction.wav,RECONSTRUCTION,FRAGMENTS,0.836,ambiance opacité fin V6 Reconstruction.wav,384.855,385.691,,,,
R053_v3_reconstruction.wav,RECONSTRUCTION,FRAGMENTS,2.069,ambiance opacité fin V6 Reconstruction.wav,391.982,394.051,,,,
R054_v3_reconstruction.wav,RECONSTRUCTION,FRAGMENTS,1.275,ambiance opacité fin V6 Reconstruction.wav,399.981,401.256,,,,
R055_v3_reconstruction.wav,RECONSTRUCTION,FRAGMENTS,1.179,ambiance opacité fin V6 Reconstruction.wav,404.982,406.161,,,,
R056_v3_reconstruction.wav,RECONSTRUCTION,FRAGMENTS,1.16,ambiance opacité fin V6 Reconstruction.wav,407.983,409.143,,,,
R057_v3_reconstruction.wav,RECONSTRUCTION,FRAGMENTS,0.646,ambiance opacité fin V6 Reconstruction.wav,410.506,411.152,,,,
R058_v3_reconstruction.wav,RECONSTRUCTION,FRAGMENTS,1.716,ambiance opacité fin V6 Reconstruction.wav,412.052,413.768,,,,
R059_v3_reconstruction.wav,RECONSTRUCTION,FRAGMENTS,0.757,ambiance opacité fin V6 Reconstruction.wav,416.994,417.751,,,,
R060_v3_reconstruction.wav,RECONSTRUCTION,FRAGMENTS,1.903,ambiance opacité fin V6 Reconstruction.wav,419.981,421.885,,,,
R061_v3_reconstruction.wav,RECONSTRUCTION,FRAGMENTS,0.992,ambiance opacité fin V6 Reconstruction.wav,423.986,424.977,,,,
R062_v3_reconstruction.wav,RECONSTRUCTION,FRAGMENTS,1.174,ambiance opacité fin V6 Reconstruction.wav,434.981,436.155,,,,
R063_v3_reconstruction.wav,RECONSTRUCTION,FRAGMENTS,1.95,ambiance opacité fin V6 Reconstruction.wav,441.531,443.481,,,,
R064_v3_reconstruction.wav,RECONSTRUCTION,FRAGMENTS,0.592,ambiance opacité fin V6 Reconstruction.wav,450.923,451.515,,,,
R065_v3_reconstruction.wav,RECONSTRUCTION,FRAGMENTS,1.737,ambiance opacité fin V6 Reconstruction.wav,451.991,453.728,,,,
R066_v3_reconstruction.wav,RECONSTRUCTION,FRAGMENTS,0.788,ambiance opacité fin V6 Reconstruction.wav,466.791,467.579,,,,
R067_v3_reconstruction.wav,RECONSTRUCTION,FRAGMENTS,0.756,ambiance opacité fin V6 Reconstruction.wav,470.752,471.508,,,,
R068_v3_reconstruction.wav,RECONSTRUCTION,FRAGMENTS,0.715,ambiance opacité fin V6 Reconstruction.wav,473.263,473.977,,,,
R069_v3_reconstruction.wav,RECONSTRUCTION,FRAGMENTS,0.748,ambiance opacité fin V6 Reconstruction.wav,475.856,476.604,,,,
R070_v3_reconstruction.wav,RECONSTRUCTION,FRAGMENTS,1.125,ambiance opacité fin V6 Reconstruction.wav,477.395,478.52,,,,
R071_v3_reconstruction.wav,RECONSTRUCTION,FRAGMENTS,1.073,ambiance opacité fin V6 Reconstruction.wav,480.999,482.072,,,,
R072_v3_reconstruction.wav,RECONSTRUCTION,FRAGMENTS,0.714,ambiance opacité fin V6 Reconstruction.wav,487.043,487.757,,,,
R073_v3_reconstruction.wav,RECONSTRUCTION,FRAGMENTS,1.36,ambiance opacité fin V6 Reconstruction.wav,489.985,491.344,,,,
R074_v3_reconstruction.wav,RECONSTRUCTION,FRAGMENTS,1.494,ambiance opacité fin V6 Reconstruction.wav,494.505,495.998,,,,
R075_v3_reconstruction.wav,RECONSTRUCTION,FRAGMENTS,0.913,ambiance opacité fin V6 Reconstruction.wav,496.731,497.644,,,,
R076_v3_reconstruction.wav,RECONSTRUCTION,FRAGMENTS,1.061,ambiance opacité fin V6 Reconstruction.wav,498.993,500.054,,,,
R077_v3_reconstruction.wav,RECONSTRUCTION,FRAGMENTS,1.137,ambiance opacité fin V6 Reconstruction.wav,502.496,503.632,,,,
R078_v3_reconstruction.wav,RECONSTRUCTION,FRAGMENTS,1.564,ambiance opacité fin V6 Reconstruction.wav,507.702,509.266,,,,
R079_v3_reconstruction.wav,RECONSTRUCTION,FRAGMENTS,6.981,ambiance opacité fin V6 Reconstruction.wav,510.004,516.985,,,,
R080_v3_reconstruction.wav,RECONSTRUCTION,FRAGMENTS,1.059,ambiance opacité fin V6 Reconstruction.wav,571.5,572.559,,,,
R081_v3_reconstruction.wav,RECONSTRUCTION,FRAGMENTS,1.51,ambiance opacité fin V6 Reconstruction.wav,594.115,595.625,,,,
R082_v3_reconstruction.wav,RECONSTRUCTION,FRAGMENTS,1.942,ambiance opacité fin V6 Reconstruction.wav,596.754,598.697,,,,
R083_v3_reconstruction.wav,RECONSTRUCTION,FRAGMENTS,1.181,ambiance opacité fin V6 Reconstruction.wav,604.067,605.248,,,,
R084_v3_reconstruction.wav,RECONSTRUCTION,FRAGMENTS,3.027,ambiance opacité fin V6 Reconstruction.wav,605.981,609.008,,,,
R085_v3_reconstruction.wav,RECONSTRUCTION,FRAGMENTS,1.027,ambiance opacité fin V6 Reconstruction.wav,615.981,617.008,,,,
R086_v3_reconstruction.wav,RECONSTRUCTION,FRAGMENTS,2.625,ambiance opacité fin V6 Reconstruction.wav,633.987,636.612,,,,
R087_v3_reconstruction.wav,RECONSTRUCTION,FRAGMENTS,3.517,ambiance opacité fin V6 Reconstruction.wav,637.983,641.501,,,,
R088_v3_reconstruction.wav,RECONSTRUCTION,FRAGMENTS,1.539,ambiance opacité fin V6 Reconstruction.wav,647.857,649.396,,,,
R089_v3_reconstruction.wav,RECONSTRUCTION,FRAGMENTS,0.804,ambiance opacité fin V6 Reconstruction.wav,653.66,654.464,,,,
R090_v3_reconstruction.wav,RECONSTRUCTION,FRAGMENTS,0.786,ambiance opacité fin V6 Reconstruction.wav,655.357,656.143,,,,
R091_v3_reconstruction.wav,RECONSTRUCTION,FRAGMENTS,0.867,ambiance opacité fin V6 Reconstruction.wav,664.029,664.896,,,,
R092_v3_reconstruction.wav,RECONSTRUCTION,FRAGMENTS,1.768,ambiance opacité fin V6 Reconstruction.wav,669.483,671.251,,,,
R093_v3_reconstruction.wav,RECONSTRUCTION,FRAGMENTS,0.966,ambiance opacité fin V6 Reconstruction.wav,672.514,673.48,,,,
R094_v3_reconstruction.wav,RECONSTRUCTION,FRAGMENTS,1.585,ambiance opacité fin V6 Reconstruction.wav,676.982,678.567,,,,
R095_v3_reconstruction.wav,RECONSTRUCTION,FRAGMENTS,3.028,ambiance opacité fin V6 Reconstruction.wav,679.99,683.017,,,,
R096_v3_reconstruction.wav,RECONSTRUCTION,FRAGMENTS,0.92,ambiance opacité fin V6 Reconstruction.wav,684.094,685.014,,,,
R097_v3_reconstruction.wav,RECONSTRUCTION,FRAGMENTS,2.083,ambiance opacité fin V6 Reconstruction.wav,685.986,688.069,,,,
R098_v3_reconstruction.wav,RECONSTRUCTION,FRAGMENTS,0.786,ambiance opacité fin V6 Reconstruction.wav,688.606,689.392,,,,
R099_v3_reconstruction.wav,RECONSTRUCTION,FRAGMENTS,3.726,ambiance opacité fin V6 Reconstruction.wav,689.98,693.706,,,,
R100_v3_reconstruction.wav,RECONSTRUCTION,FRAGMENTS,2.136,ambiance opacité fin V6 Reconstruction.wav,694.483,696.62,,,,
R101_v3_reconstruction.wav,RECONSTRUCTION,FRAGMENTS,0.757,ambiance opacité fin V6 Reconstruction.wav,701.982,702.739,,,,
R102_v3_reconstruction.wav,RECONSTRUCTION,FRAGMENTS,0.506,ambiance opacité fin V6 Reconstruction.wav,706.106,706.612,,,,
R103_v3_reconstruction.wav,RECONSTRUCTION,FRAGMENTS,1.787,ambiance opacité fin V6 Reconstruction.wav,711.606,713.394,,,,
R104_v3_reconstruction.wav,RECONSTRUCTION,FRAGMENTS,0.787,ambiance opacité fin V6 Reconstruction.wav,713.981,714.769,,,,
R105_v3_reconstruction.wav,RECONSTRUCTION,FRAGMENTS,1.108,ambiance opacité fin V6 Reconstruction.wav,715.908,717.016,,,,
R106_v3_reconstruction.wav,RECONSTRUCTION,FRAGMENTS,1.814,ambiance opacité fin V6 Reconstruction.wav,718.481,720.295,,,,
R107_v3_reconstruction.wav,RECONSTRUCTION,FRAGMENTS,1.864,ambiance opacité fin V6 Reconstruction.wav,720.982,722.846,,,,
R108_v3_reconstruction.wav,RECONSTRUCTION,FRAGMENTS,0.917,ambiance opacité fin V6 Reconstruction.wav,723.732,724.649,,,,
R109_v3_reconstruction.wav,RECONSTRUCTION,FRAGMENTS,0.788,ambiance opacité fin V6 Reconstruction.wav,725.481,726.269,,,,
R110_v3_reconstruction.wav,RECONSTRUCTION,FRAGMENTS,2.037,ambiance opacité fin V6 Reconstruction.wav,726.983,729.02,,,,
R111_v3_reconstruction.wav,RECONSTRUCTION,FRAGMENTS,3.287,ambiance opacité fin V6 Reconstruction.wav,729.481,732.768,,,,
R112_v3_reconstruction.wav,RECONSTRUCTION,FRAGMENTS,2.031,ambiance opacité fin V6 Reconstruction.wav,733.494,735.525,,,,
R113_v3_reconstruction.wav,RECONSTRUCTION,FRAGMENTS,2.323,ambiance opacité fin V6 Reconstruction.wav,736.857,739.18,,,,
R114_v3_reconstruction.wav,RECONSTRUCTION,FRAGMENTS,0.974,ambiance opacité fin V6 Reconstruction.wav,740.295,741.269,,,,
R115_v3_reconstruction.wav,RECONSTRUCTION,FRAGMENTS,0.539,ambiance opacité fin V6 Reconstruction.wav,742.049,742.587,,,,
R116_v3_reconstruction.wav,RECONSTRUCTION,FRAGMENTS,0.534,ambiance opacité fin V6 Reconstruction.wav,744.607,745.141,,,,
R117_v3_reconstruction.wav,RECONSTRUCTION,FRAGMENTS,1.939,ambiance opacité fin V6 Reconstruction.wav,745.731,747.67,,,,
R118_v3_reconstruction.wav,RECONSTRUCTION,FRAGMENTS,0.857,ambiance opacité fin V6 Reconstruction.wav,752.481,753.338,,,,
R119_v3_reconstruction.wav,RECONSTRUCTION,FRAGMENTS,1.539,ambiance opacité fin V6 Reconstruction.wav,759.376,760.915,,,,
R120_v3_reconstruction.wav,RECONSTRUCTION,FRAGMENTS,0.867,ambiance opacité fin V6 Reconstruction.wav,762.06,762.927,,,,
R121_v3_reconstruction.wav,RECONSTRUCTION,FRAGMENTS,2.165,ambiance opacité fin V6 Reconstruction.wav,763.481,765.646,,,,
R122_v3_reconstruction.wav,RECONSTRUCTION,FRAGMENTS,0.768,ambiance opacité fin V6 Reconstruction.wav,772.034,772.802,,,,
R123_v3_reconstruction.wav,RECONSTRUCTION,FRAGMENTS,5.097,ambiance opacité fin V6 Reconstruction.wav,773.483,778.58,,,,
R124_v3_reconstruction.wav,RECONSTRUCTION,FRAGMENTS,1.388,ambiance opacité fin V6 Reconstruction.wav,779.981,781.369,,,,
R125_v3_reconstruction.wav,RECONSTRUCTION,FRAGMENTS,2.176,ambiance opacité fin V6 Reconstruction.wav,782.013,784.189,,,,
R126_v3_reconstruction.wav,RECONSTRUCTION,FRAGMENTS,4.455,ambiance opacité fin V6 Reconstruction.wav,786.535,790.99,,,,
R127_v3_reconstruction.wav,RECONSTRUCTION,FRAGMENTS,1.154,ambiance opacité fin V6 Reconstruction.wav,792.315,793.469,,,,
R128_v3_reconstruction.wav,RECONSTRUCTION,FRAGMENTS,0.537,ambiance opacité fin V6 Reconstruction.wav,795.983,796.52,,,,
R129_v3_reconstruction.wav,RECONSTRUCTION,FRAGMENTS,1.493,ambiance opacité fin V6 Reconstruction.wav,797.981,799.474,,,,
R130_v3_reconstruction.wav,RECONSTRUCTION,FRAGMENTS,2.191,ambiance opacité fin V6 Reconstruction.wav,800.753,802.943,,,,
R131_v3_reconstruction.wav,RECONSTRUCTION,FRAGMENTS,1.525,ambiance opacité fin V6 Reconstruction.wav,803.74,805.265,,,,
R132_v3_reconstruction.wav,RECONSTRUCTION,FRAGMENTS,1.256,ambiance opacité fin V6 Reconstruction.wav,806.235,807.491,,,,
R133_v3_reconstruction.wav,RECONSTRUCTION,FRAGMENTS,5.442,ambiance opacité fin V6 Reconstruction.wav,811.009,816.451,,,,
R134_v3_reconstruction.wav,RECONSTRUCTION,FRAGMENTS,3.406,ambiance opacité fin V6 Reconstruction.wav,818.35,821.756,,,,
R135_v3_reconstruction.wav,RECONSTRUCTION,FRAGMENTS,1.265,ambiance opacité fin V6 Reconstruction.wav,822.252,823.517,,,,
R136_v3_reconstruction.wav,RECONSTRUCTION,FRAGMENTS,0.762,ambiance opacité fin V6 Reconstruction.wav,824.233,824.995,,,,
R137_v3_reconstruction.wav,RECONSTRUCTION,FRAGMENTS,0.783,ambiance opacité fin V6 Reconstruction.wav,826.734,827.517,,,,
R138_v3_reconstruction.wav,RECONSTRUCTION,FRAGMENTS,2.596,ambiance opacité fin V6 Reconstruction.wav,828.484,831.08,,,,
R139_v3_reconstruction.wav,RECONSTRUCTION,FRAGMENTS,1.529,ambiance opacité fin V6 Reconstruction.wav,831.994,833.524,,,,
R140_v3_reconstruction.wav,RECONSTRUCTION,FRAGMENTS,0.785,ambiance opacité fin V6 Reconstruction.wav,838.794,839.579,,,,
R141_v3_reconstruction.wav,RECONSTRUCTION,FRAGMENTS,3.51,ambiance opacité fin V6 Reconstruction.wav,842.009,845.519,,,,
R142_v3_reconstruction.wav,RECONSTRUCTION,FRAGMENTS,1.004,ambiance opacité fin V6 Reconstruction.wav,847.983,848.987,,,,
R143_v3_reconstruction.wav,RECONSTRUCTION,FRAGMENTS,1.134,ambiance opacité fin V6 Reconstruction.wav,850.006,851.14,,,,
R144_v3_reconstruction.wav,RECONSTRUCTION,FRAGMENTS,1.036,ambiance opacité fin V6 Reconstruction.wav,853.981,855.018,,,,
R145_v3_reconstruction.wav,RECONSTRUCTION,FRAGMENTS,2.005,ambiance opacité fin V6 Reconstruction.wav,855.982,857.986,,,,
R146_v3_reconstruction.wav,RECONSTRUCTION,FRAGMENTS,1.66,ambiance opacité fin V6 Reconstruction.wav,858.982,860.642,,,,
R147_v3_reconstruction.wav,RECONSTRUCTION,FRAGMENTS,2.035,ambiance opacité fin V6 Reconstruction.wav,861.981,864.017,,,,
R148_v3_reconstruction.wav,RECONSTRUCTION,FRAGMENTS,1.418,ambiance opacité fin V6 Reconstruction.wav,864.984,866.401,,,,
R149_v3_reconstruction.wav,RECONSTRUCTION,FRAGMENTS,1.077,ambiance opacité fin V6 Reconstruction.wav,867.482,868.559,,,,
R150_v3_reconstruction.wav,RECONSTRUCTION,FRAGMENTS,2.954,ambiance opacité fin V6 Reconstruction.wav,869.482,872.436,,,,
R151_v3_reconstruction.wav,RECONSTRUCTION,FRAGMENTS,8.827,ambiance opacité fin V6 Reconstruction.wav,873.981,882.808,,,,
R152_v3_reconstruction.wav,RECONSTRUCTION,FRAGMENTS,11.571,ambiance opacité fin V6 Reconstruction.wav,887.981,899.552,,,,
R153_v3_reconstruction.wav,RECONSTRUCTION,FRAGMENTS,0.686,ambiance opacité fin V6 Reconstruction.wav,907.983,908.669,,,,
R154_v3_reconstruction.wav,RECONSTRUCTION,FRAGMENTS,1.645,ambiance opacité fin V6 Reconstruction.wav,915.986,917.631,,,,
R155_v3_reconstruction.wav,RECONSTRUCTION,LONG_MOYEN,15.264,ambiance opacité fin V6 Reconstruction.wav,928.98,944.244,,,,
R156_v3_reconstruction.wav,RECONSTRUCTION,FRAGMENTS,1.481,ambiance opacité fin V6 Reconstruction.wav,955.981,957.462,,,,
R157_v3_reconstruction.wav,RECONSTRUCTION,FRAGMENTS,0.955,ambiance opacité fin V6 Reconstruction.wav,968.497,969.452,,,,
R158_v3_reconstruction.wav,RECONSTRUCTION,FRAGMENTS,0.599,ambiance opacité fin V6 Reconstruction.wav,976.996,977.595,,,,
R159_v3_reconstruction.wav,RECONSTRUCTION,FRAGMENTS,0.781,ambiance opacité fin V6 Reconstruction.wav,983.981,984.762,,,,
R160_v3_reconstruction.wav,RECONSTRUCTION,FRAGMENTS,2.123,ambiance opacité fin V6 Reconstruction.wav,987.984,990.107,,,,
R161_v3_reconstruction.wav,RECONSTRUCTION,FRAGMENTS,0.948,ambiance opacité fin V6 Reconstruction.wav,996.03,996.978,,,,
R162_v3_reconstruction.wav,RECONSTRUCTION,FRAGMENTS,1.024,ambiance opacité fin V6 Reconstruction.wav,1004.994,1006.018,,,,
R163_v3_reconstruction.wav,RECONSTRUCTION,FRAGMENTS,0.842,ambiance opacité fin V6 Reconstruction.wav,1008.356,1009.197,,,,
R164_v3_reconstruction.wav,RECONSTRUCTION,FRAGMENTS,0.531,ambiance opacité fin V6 Reconstruction.wav,1016.986,1017.516,,,,
R165_v3_reconstruction.wav,RECONSTRUCTION,FRAGMENTS,0.898,ambiance opacité fin V6 Reconstruction.wav,1019.982,1020.88,,,,
R166_v3_reconstruction.wav,RECONSTRUCTION,FRAGMENTS,0.746,ambiance opacité fin V6 Reconstruction.wav,1023.731,1024.476,,,,
R167_v3_reconstruction.wav,RECONSTRUCTION,FRAGMENTS,0.757,ambiance opacité fin V6 Reconstruction.wav,1025.983,1026.74,,,,
R168_v3_reconstruction.wav,RECONSTRUCTION,FRAGMENTS,0.91,ambiance opacité fin V6 Reconstruction.wav,1032.483,1033.392,,,,
R169_v3_reconstruction.wav,RECONSTRUCTION,FRAGMENTS,2.022,ambiance opacité fin V6 Reconstruction.wav,1033.92,1035.941,,,,
R170_v3_reconstruction.wav,RECONSTRUCTION,FRAGMENTS,1.032,ambiance opacité fin V6 Reconstruction.wav,1036.86,1037.892,,,,
R171_v3_reconstruction.wav,RECONSTRUCTION,FRAGMENTS,0.777,ambiance opacité fin V6 Reconstruction.wav,1038.615,1039.391,,,,
R172_v3_reconstruction.wav,RECONSTRUCTION,FRAGMENTS,1.133,ambiance opacité fin V6 Reconstruction.wav,1041.006,1042.139,,,,
R173_v3_reconstruction.wav,RECONSTRUCTION,FRAGMENTS,1.009,ambiance opacité fin V6 Reconstruction.wav,1043.048,1044.057,,,,
R174_v3_reconstruction.wav,RECONSTRUCTION,FRAGMENTS,0.584,ambiance opacité fin V6 Reconstruction.wav,1045.494,1046.078,,,,
R175_v3_reconstruction.wav,RECONSTRUCTION,FRAGMENTS,0.653,ambiance opacité fin V6 Reconstruction.wav,1047.36,1048.013,,,,
R176_v3_reconstruction.wav,RECONSTRUCTION,FRAGMENTS,1.602,ambiance opacité fin V6 Reconstruction.wav,1050.732,1052.334,,,,
R177_v3_reconstruction.wav,RECONSTRUCTION,FRAGMENTS,1.567,ambiance opacité fin V6 Reconstruction.wav,1054.738,1056.305,,,,
R178_v3_reconstruction.wav,RECONSTRUCTION,FRAGMENTS,1.097,ambiance opacité fin V6 Reconstruction.wav,1058.483,1059.58,,,,
R179_v3_reconstruction.wav,RECONSTRUCTION,FRAGMENTS,3.994,ambiance opacité fin V6 Reconstruction.wav,1061.749,1065.744,,,,
R180_v3_reconstruction.wav,RECONSTRUCTION,FRAGMENTS,1.856,ambiance opacité fin V6 Reconstruction.wav,1088.038,1089.894,,,,
R181_v3_reconstruction.wav,RECONSTRUCTION,FRAGMENTS,2.656,ambiance opacité fin V6 Reconstruction.wav,1093.984,1096.64,,,,
R182_v3_reconstruction.wav,RECONSTRUCTION,FRAGMENTS,1.531,ambiance opacité fin V6 Reconstruction.wav,1097.989,1099.52,,,,
R183_v3_reconstruction.wav,RECONSTRUCTION,FRAGMENTS,1.289,ambiance opacité fin V6 Reconstruction.wav,1109.982,1111.271,,,,
R184_v3_reconstruction.wav,RECONSTRUCTION,FRAGMENTS,0.765,ambiance opacité fin V6 Reconstruction.wav,1121.138,1121.903,,,,
R185_v3_reconstruction.wav,RECONSTRUCTION,FRAGMENTS,0.861,ambiance opacité fin V6 Reconstruction.wav,1122.731,1123.592,,,,
R186_v3_reconstruction.wav,RECONSTRUCTION,FRAGMENTS,1.411,ambiance opacité fin V6 Reconstruction.wav,1124.607,1126.018,,,,
R187_v3_reconstruction.wav,RECONSTRUCTION,FRAGMENTS,1.253,ambiance opacité fin V6 Reconstruction.wav,1134.001,1135.254,,,,
R188_v3_reconstruction.wav,RECONSTRUCTION,FRAGMENTS,0.591,ambiance opacité fin V6 Reconstruction.wav,1138.445,1139.036,,,,
R189_v3_reconstruction.wav,RECONSTRUCTION,FRAGMENTS,4.783,ambiance opacité fin V6 Reconstruction.wav,1139.483,1144.266,,,,
R190_v3_reconstruction.wav,RECONSTRUCTION,FRAGMENTS,3.338,ambiance opacité fin V6 Reconstruction.wav,1145.857,1149.194,,,,
R191_v3_reconstruction.wav,RECONSTRUCTION,FRAGMENTS,1.289,ambiance opacité fin V6 Reconstruction.wav,1150.98,1152.269,,,,
R192_v3_reconstruction.wav,RECONSTRUCTION,FRAGMENTS,0.814,ambiance opacité fin V6 Reconstruction.wav,1155.983,1156.797,,,,
R193_v3_reconstruction.wav,RECONSTRUCTION,FRAGMENTS,4.736,ambiance opacité fin V6 Reconstruction.wav,1167.732,1172.468,,,,
R194_v3_reconstruction.wav,RECONSTRUCTION,FRAGMENTS,1.28,ambiance opacité fin V6 Reconstruction.wav,1180.613,1181.892,,,,
R195_v3_reconstruction.wav,RECONSTRUCTION,FRAGMENTS,1.3,ambiance opacité fin V6 Reconstruction.wav,1189.981,1191.281,,,,
R196_v3_reconstruction.wav,RECONSTRUCTION,FRAGMENTS,2.037,ambiance opacité fin V6 Reconstruction.wav,1191.981,1194.018,,,,
R197_v3_reconstruction.wav,RECONSTRUCTION,FRAGMENTS,1.821,ambiance opacité fin V6 Reconstruction.wav,1194.733,1196.554,,,,
R198_v3_reconstruction.wav,RECONSTRUCTION,FRAGMENTS,1.161,ambiance opacité fin V6 Reconstruction.wav,1209.982,1211.143,,,,
R199_v3_reconstruction.wav,RECONSTRUCTION,FRAGMENTS,3.021,ambiance opacité fin V6 Reconstruction.wav,1225.983,1229.004,,,,
R200_v3_reconstruction.wav,RECONSTRUCTION,FRAGMENTS,1.781,ambiance opacité fin V6 Reconstruction.wav,1231.987,1233.768,,,,
R201_v3_reconstruction.wav,RECONSTRUCTION,FRAGMENTS,0.918,ambiance opacité fin V6 Reconstruction.wav,1235.983,1236.902,,,,
R202_v3_reconstruction.wav,RECONSTRUCTION,FRAGMENTS,0.992,ambiance opacité fin V6 Reconstruction.wav,1238.981,1239.972,,,,
R203_v3_reconstruction.wav,RECONSTRUCTION,FRAGMENTS,1.284,ambiance opacité fin V6 Reconstruction.wav,1240.733,1242.017,,,,
R204_v3_reconstruction.wav,RECONSTRUCTION,FRAGMENTS,1.53,ambiance opacité fin V6 Reconstruction.wav,1242.983,1244.513,,,,
R205_v3_reconstruction.wav,RECONSTRUCTION,FRAGMENTS,2.744,ambiance opacité fin V6 Reconstruction.wav,1245.482,1248.227,,,,
R206_v3_reconstruction.wav,RECONSTRUCTION,FRAGMENTS,1.06,ambiance opacité fin V6 Reconstruction.wav,1248.981,1250.042,,,,
R207_v3_reconstruction.wav,RECONSTRUCTION,FRAGMENTS,1.631,ambiance opacité fin V6 Reconstruction.wav,1250.981,1252.612,,,,
R208_v3_reconstruction.wav,RECONSTRUCTION,FRAGMENTS,0.61,ambiance opacité fin V6 Reconstruction.wav,1253.26,1253.87,,,,
R209_v3_reconstruction.wav,RECONSTRUCTION,FRAGMENTS,0.944,ambiance opacité fin V6 Reconstruction.wav,1254.981,1255.925,,,,
R210_v3_reconstruction.wav,RECONSTRUCTION,FRAGMENTS,1.846,ambiance opacité fin V6 Reconstruction.wav,1267.608,1269.454,,,,
R211_v3_reconstruction.wav,RECONSTRUCTION,FRAGMENTS,1.787,ambiance opacité fin V6 Reconstruction.wav,1295.356,1297.142,,,,
R212_v3_reconstruction.wav,RECONSTRUCTION,FRAGMENTS,0.986,ambiance opacité fin V6 Reconstruction.wav,1303.983,1304.969,,,,
R213_v3_reconstruction.wav,RECONSTRUCTION,FRAGMENTS,1.037,ambiance opacité fin V6 Reconstruction.wav,1312.982,1314.019,,,,
R214_v3_reconstruction.wav,RECONSTRUCTION,FRAGMENTS,1.459,ambiance opacité fin V6 Reconstruction.wav,1315.481,1316.94,,,,
R215_v3_reconstruction.wav,RECONSTRUCTION,FRAGMENTS,1.822,ambiance opacité fin V6 Reconstruction.wav,1319.983,1321.805,,,,
R216_v3_reconstruction.wav,RECONSTRUCTION,FRAGMENTS,1.708,ambiance opacité fin V6 Reconstruction.wav,1328.124,1329.833,,,,
R217_v3_reconstruction.wav,RECONSTRUCTION,FRAGMENTS,5.225,ambiance opacité fin V6 Reconstruction.wav,1347.043,1352.269,,,,
R218_v3_reconstruction.wav,RECONSTRUCTION,FRAGMENTS,0.879,ambiance opacité fin V6 Reconstruction.wav,1367.985,1368.863,,,,
R219_v3_reconstruction.wav,RECONSTRUCTION,FRAGMENTS,2.563,ambiance opacité fin V6 Reconstruction.wav,1384.693,1387.256,,,,
R220_v3_reconstruction.wav,RECONSTRUCTION,FRAGMENTS,1.529,ambiance opacité fin V6 Reconstruction.wav,1399.421,1400.95,,,,
R221_v3_reconstruction.wav,RECONSTRUCTION,FRAGMENTS,0.669,ambiance opacité fin V6 Reconstruction.wav,1410.099,1410.768,,,,
R222_v3_reconstruction.wav,RECONSTRUCTION,FRAGMENTS,1.379,ambiance opacité fin V6 Reconstruction.wav,1412.732,1414.111,,,,
R223_v3_reconstruction.wav,RECONSTRUCTION,FRAGMENTS,1.505,ambiance opacité fin V6 Reconstruction.wav,1416.003,1417.508,,,,
R224_v3_reconstruction.wav,RECONSTRUCTION,FRAGMENTS,4.066,ambiance opacité fin V6 Reconstruction.wav,1424.012,1428.079,,,,
R225_v3_reconstruction.wav,RECONSTRUCTION,FRAGMENTS,9.596,ambiance opacité fin V6 Reconstruction.wav,1435.982,1445.578,,,,
R226_v3_reconstruction.wav,RECONSTRUCTION,FRAGMENTS,1.351,ambiance opacité fin V6 Reconstruction.wav,1453.985,1455.336,,,,
R227_v3_reconstruction.wav,RECONSTRUCTION,FRAGMENTS,0.598,ambiance opacité fin V6 Reconstruction.wav,1463.983,1464.581,,,,
R228_v3_reconstruction.wav,RECONSTRUCTION,FRAGMENTS,0.966,ambiance opacité fin V6 Reconstruction.wav,1471.985,1472.951,,,,
R229_v3_reconstruction.wav,RECONSTRUCTION,FRAGMENTS,0.802,ambiance opacité fin V6 Reconstruction.wav,1479.983,1480.785,,,,
R230_v3_reconstruction.wav,RECONSTRUCTION,FRAGMENTS,1.234,ambiance opacité fin V6 Reconstruction.wav,1485.983,1487.217,,,,
R231_v3_reconstruction.wav,RECONSTRUCTION,FRAGMENTS,1.131,ambiance opacité fin V6 Reconstruction.wav,1492.062,1493.193,,,,
R232_v3_reconstruction.wav,RECONSTRUCTION,FRAGMENTS,2.66,ambiance opacité fin V6 Reconstruction.wav,1515.982,1518.642,,,,
R233_v3_reconstruction.wav,RECONSTRUCTION,FRAGMENTS,0.941,ambiance opacité fin V6 Reconstruction.wav,1527.98,1528.921,,,,
R234_v3_reconstruction.wav,RECONSTRUCTION,FRAGMENTS,7.906,ambiance opacité fin V6 Reconstruction.wav,1548.112,1556.018,,,,
R235_v3_reconstruction.wav,RECONSTRUCTION,FRAGMENTS,6.164,ambiance opacité fin V6 Reconstruction.wav,1559.981,1566.145,,,,
R236_v3_reconstruction.wav,RECONSTRUCTION,FRAGMENTS,1.641,ambiance opacité fin V6 Reconstruction.wav,1576.002,1577.643,,,,
R237_v3_reconstruction.wav,RECONSTRUCTION,FRAGMENTS,1.504,ambiance opacité fin V6 Reconstruction.wav,1578.538,1580.041,,,,
R238_v3_reconstruction.wav,RECONSTRUCTION,FRAGMENTS,1.698,ambiance opacité fin V6 Reconstruction.wav,1582.03,1583.728,,,,
R239_v3_reconstruction.wav,RECONSTRUCTION,FRAGMENTS,1.489,ambiance opacité fin V6 Reconstruction.wav,1584.984,1586.473,,,,
R240_v3_reconstruction.wav,RECONSTRUCTION,FRAGMENTS,0.767,ambiance opacité fin V6 Reconstruction.wav,1599.938,1600.705,,,,
R241_v3_reconstruction.wav,RECONSTRUCTION,FRAGMENTS,3.79,ambiance opacité fin V6 Reconstruction.wav,1605.229,1609.019,,,,
R242_v3_reconstruction.wav,RECONSTRUCTION,FRAGMENTS,1.336,ambiance opacité fin V6 Reconstruction.wav,1618.461,1619.797,,,,
R243_v3_reconstruction.wav,RECONSTRUCTION,FRAGMENTS,0.904,ambiance opacité fin V6 Reconstruction.wav,1620.613,1621.518,,,,
R244_v3_reconstruction.wav,RECONSTRUCTION,FRAGMENTS,1.162,ambiance opacité fin V6 Reconstruction.wav,1622.034,1623.196,,,,
R245_v3_reconstruction.wav,RECONSTRUCTION,FRAGMENTS,1.681,ambiance opacité fin V6 Reconstruction.wav,1627.984,1629.665,,,,
R246_v3_reconstruction.wav,RECONSTRUCTION,FRAGMENTS,0.772,ambiance opacité fin V6 Reconstruction.wav,1630.983,1631.755,,,,
R247_v3_reconstruction.wav,RECONSTRUCTION,FRAGMENTS,0.611,ambiance opacité fin V6 Reconstruction.wav,1632.442,1633.053,,,,
R248_v3_reconstruction.wav,RECONSTRUCTION,FRAGMENTS,0.702,ambiance opacité fin V6 Reconstruction.wav,1635.983,1636.685,,,,
R249_v3_reconstruction.wav,RECONSTRUCTION,FRAGMENTS,0.847,ambiance opacité fin V6 Reconstruction.wav,1640.07,1640.917,,,,
R250_v3_reconstruction.wav,RECONSTRUCTION,FRAGMENTS,0.834,ambiance opacité fin V6 Reconstruction.wav,1641.484,1642.318,,,,
R251_v3_reconstruction.wav,RECONSTRUCTION,FRAGMENTS,0.61,ambiance opacité fin V6 Reconstruction.wav,1642.86,1643.47,,,,
R252_v3_reconstruction.wav,RECONSTRUCTION,FRAGMENTS,0.678,ambiance opacité fin V6 Reconstruction.wav,1644.325,1645.002,,,,
R253_v3_reconstruction.wav,RECONSTRUCTION,FRAGMENTS,1.221,ambiance opacité fin V6 Reconstruction.wav,1647.983,1649.204,,,,
R254_v3_reconstruction.wav,RECONSTRUCTION,FRAGMENTS,0.696,ambiance opacité fin V6 Reconstruction.wav,1656.983,1657.679,,,,
R255_v3_reconstruction.wav,RECONSTRUCTION,FRAGMENTS,4.881,ambiance opacité fin V6 Reconstruction.wav,1662.272,1667.153,,,,
R256_v3_reconstruction.wav,RECONSTRUCTION,FRAGMENTS,2.35,ambiance opacité fin V6 Reconstruction.wav,1669.006,1671.356,,,,
R257_v3_reconstruction.wav,RECONSTRUCTION,FRAGMENTS,0.861,ambiance opacité fin V6 Reconstruction.wav,1671.981,1672.842,,,,
R258_v3_reconstruction.wav,RECONSTRUCTION,FRAGMENTS,2.684,ambiance opacité fin V6 Reconstruction.wav,1674.01,1676.694,,,,
R259_v3_reconstruction.wav,RECONSTRUCTION,FRAGMENTS,2.408,ambiance opacité fin V6 Reconstruction.wav,1677.983,1680.391,,,,
R260_v3_reconstruction.wav,RECONSTRUCTION,FRAGMENTS,0.88,ambiance opacité fin V6 Reconstruction.wav,1683.982,1684.862,,,,
R261_v3_reconstruction.wav,RECONSTRUCTION,FRAGMENTS,0.718,ambiance opacité fin V6 Reconstruction.wav,1687.981,1688.699,,,,
R262_v3_reconstruction.wav,RECONSTRUCTION,FRAGMENTS,0.622,ambiance opacité fin V6 Reconstruction.wav,1689.981,1690.603,,,,
R263_v3_reconstruction.wav,RECONSTRUCTION,FRAGMENTS,1.07,ambiance opacité fin V6 Reconstruction.wav,1691.981,1693.051,,,,
R264_v3_reconstruction.wav,RECONSTRUCTION,FRAGMENTS,0.801,ambiance opacité fin V6 Reconstruction.wav,1694.038,1694.839,,,,
R265_v3_reconstruction.wav,RECONSTRUCTION,FRAGMENTS,3.323,ambiance opacité fin V6 Reconstruction.wav,1696.231,1699.554,,,,
R266_v3_reconstruction.wav,RECONSTRUCTION,FRAGMENTS,0.638,ambiance opacité fin V6 Reconstruction.wav,1701.984,1702.622,,,,
R267_v3_reconstruction.wav,RECONSTRUCTION,FRAGMENTS,0.493,ambiance opacité fin V6 Reconstruction.wav,1704.043,1704.536,,,,
R268_v3_reconstruction.wav,RECONSTRUCTION,FRAGMENTS,0.924,ambiance opacité fin V6 Reconstruction.wav,1704.982,1705.906,,,,
R269_v3_reconstruction.wav,RECONSTRUCTION,FRAGMENTS,3.192,ambiance opacité fin V6 Reconstruction.wav,1706.731,1709.923,,,,
R270_v3_reconstruction.wav,RECONSTRUCTION,FRAGMENTS,1.213,ambiance opacité fin V6 Reconstruction.wav,1710.485,1711.698,,,,
R271_v3_reconstruction.wav,RECONSTRUCTION,FRAGMENTS,1.161,ambiance opacité fin V6 Reconstruction.wav,1712.991,1714.152,,,,
R272_v3_reconstruction.wav,RECONSTRUCTION,FRAGMENTS,1.255,ambiance opacité fin V6 Reconstruction.wav,1714.982,1716.237,,,,
R273_v3_reconstruction.wav,RECONSTRUCTION,FRAGMENTS,3.372,ambiance opacité fin V6 Reconstruction.wav,1718.148,1721.52,,,,
R274_v3_reconstruction.wav,RECONSTRUCTION,FRAGMENTS,2.285,ambiance opacité fin V6 Reconstruction.wav,1721.983,1724.268,,,,
R275_v3_reconstruction.wav,RECONSTRUCTION,FRAGMENTS,0.959,ambiance opacité fin V6 Reconstruction.wav,1726.058,1727.016,,,,
R276_v3_reconstruction.wav,RECONSTRUCTION,FRAGMENTS,1.213,ambiance opacité fin V6 Reconstruction.wav,1727.983,1729.196,,,,
R277_v3_reconstruction.wav,RECONSTRUCTION,FRAGMENTS,1.783,ambiance opacité fin V6 Reconstruction.wav,1730.002,1731.785,,,,
R278_v3_reconstruction.wav,RECONSTRUCTION,FRAGMENTS,1.546,ambiance opacité fin V6 Reconstruction.wav,1733.982,1735.528,,,,
R279_v3_reconstruction.wav,RECONSTRUCTION,FRAGMENTS,1.163,ambiance opacité fin V6 Reconstruction.wav,1735.994,1737.157,,,,
R280_v3_reconstruction.wav,RECONSTRUCTION,FRAGMENTS,0.783,ambiance opacité fin V6 Reconstruction.wav,1737.983,1738.766,,,,
R281_v3_reconstruction.wav,RECONSTRUCTION,FRAGMENTS,12.035,ambiance opacité fin V6 Reconstruction.wav,1739.983,1752.018,,,,
R282_v3_reconstruction.wav,RECONSTRUCTION,FRAGMENTS,1.914,ambiance opacité fin V6 Reconstruction.wav,1755.103,1757.017,,,,
R283_v3_reconstruction.wav,RECONSTRUCTION,FRAGMENTS,1.037,ambiance opacité fin V6 Reconstruction.wav,1760.982,1762.018,,,,
R284_v3_reconstruction.wav,RECONSTRUCTION,FRAGMENTS,0.736,ambiance opacité fin V6 Reconstruction.wav,1763.028,1763.764,,,,
R285_v3_reconstruction.wav,RECONSTRUCTION,FRAGMENTS,0.892,ambiance opacité fin V6 Reconstruction.wav,1771.002,1771.893,,,,
R286_v3_reconstruction.wav,RECONSTRUCTION,FRAGMENTS,1.021,ambiance opacité fin V6 Reconstruction.wav,1773.041,1774.062,,,,
R287_v3_reconstruction.wav,RECONSTRUCTION,FRAGMENTS,2.262,ambiance opacité fin V6 Reconstruction.wav,1775.119,1777.381,,,,
R288_v3_reconstruction.wav,RECONSTRUCTION,FRAGMENTS,3.387,ambiance opacité fin V6 Reconstruction.wav,1778.982,1782.369,,,,
